Bacteria,Year,Code_C,Country,Region,Aminoglycosides,Carbapenems,Ceftazidime,Fluoroquinolones,Piperacilina_taz,r_index,pca_1,multi_R_perc,multi_R_iso,multi._N_iso,DDD_sys_commun,per_cap_US.,GDP_total,GDP_._health,Out_pocket_exp,HDR,ctrl_corrup,GOV_effect,rule_law
Pseudomonas aeruginosa,2005,AT,Austria,Western,0.0649350649,0.1038961038,0.0657894736,0.1428571428,0.1298701298,16.365949999357,-1.15064010841623,0.0649350649,5,77,12.8291,3709,38403.13388,9.63,19.1832602,0.855,1.922060013,1.684594631,1.85919106
Pseudomonas aeruginosa,2005,BG,Bulgaria,Eastern,0.5294117647,0.375,0.4545454545,0.4705882352,0.5,73.2586221579597,4.76529121637303,0.4705882352,16,34,15.5519,267.7,3899.907638,6.94,38.867414,0.75,0.057295028,0.181857437,-0.095587134
Pseudomonas aeruginosa,2005,CY,Cyprus,Southern,0.1081081081,0.1111111111,0.2432432432,0.2702702702,0.2702702702,32.5024328744215,0.527296977161229,0.1891891891,1,8,27.1439,1366,24959.25917,5.44,49.83219802,0.83,0.906868696,1.157761335,0.887087345
Pseudomonas aeruginosa,2005,CZ,Czechia,Eastern,0.2782608695,0.3112840466,0.3968871595,0.453125,0.2062256809,52.3786256782826,2.59410430338614,0.3073929961,79,257,15.5538,852.7,13346.17639,6.38,11.09285206,0.835,0.487307638,0.925236821,0.867527783
Pseudomonas aeruginosa,2005,DE,Germany,Western,0.1196581196,0.2478632478,0.1061946902,0.2260869565,0.1810344827,28.0148765394741,0.0606626271405,0.1623931623,19,117,13.5382,3547,34507.36881,10.23,14.08945024,0.9,1.885012746,1.505680919,1.663715005
Pseudomonas aeruginosa,2005,EE,Estonia,Northern,0.2777777777,0.3783783783,0.1842105263,0.1351351351,0.2702702702,39.5006535164269,1.25500040790202,0.2368421052,9,38,10.3873,524.7,10406.39688,5.09,22.63690233,0.825,1.032414436,0.964996755,0.969764113
Pseudomonas aeruginosa,2005,EL,Greece,Southern,0.3979885057,0.3868194842,0.2734138972,0.3948126801,0.3008595988,54.8490609383317,2.8509902042636,0.3773314203,263,697,31.14,1949,22551.73574,8.63,36.61275208,0.845,0.358235359,0.71530503,0.79458195
Pseudomonas aeruginosa,2005,ES,Spain,Southern,0.0428571428,0.1714285714,0.0571428571,0.1428571428,0.0428571428,14.8124901758137,-1.31217517581967,0.0428571428,3,70,15.4741,2051,26419.29686,7.67,21.95907682,0.844,1.336209059,1.506729841,1.127902031
Pseudomonas aeruginosa,2005,FI,Finland,Northern,0.11,0.1530612244,0.0462962962,0.15625,0.0833333333,17.3272879952523,-1.05067627567917,0.1203703703,13,108,16.9696,3111,39040.28888,8,20.66593766,0.895,2.325073004,2.129371881,1.963108897
Pseudomonas aeruginosa,2005,FR,France,Western,0.2173017507,0.1422764227,0.0850828729,0.2659898477,0.146393972,26.5269472635017,-0.094058307539044,0.1309164149,130,993,24.3146,3574,34760.18777,10.21,7.36894682,0.86,1.366184831,1.67152679,1.418815017
Pseudomonas aeruginosa,2005,HR,Croatia,Southern,0.3472222222,0.2361111111,0.0563380281,0.338028169,0.25,37.4258706181908,1.03925604796768,0.25,18,72,21.1324,727.1,10530.21991,6.91,13.39059621,0.785,0.168619484,0.460783869,0.128532663
Pseudomonas aeruginosa,2005,HU,Hungary,Eastern,0.3188118811,0.1834677419,0.1017964071,0.2776349614,0.1033057851,30.1272353409386,0.280314282241893,0.1420118343,72,507,17.1143,895.2,11200.57695,8,25.80142617,0.802,0.654348493,0.771703482,0.864853382
Pseudomonas aeruginosa,2005,IE,Ireland,Northern,0.0714285714,0.1111111111,0.1034482758,0.1379310344,0.0714285714,16.1136226132987,-1.17687813575169,0.0689655172,2,29,17.7378,3937,50878.22361,7.65,13.55300397,0.893,1.593497992,1.735596895,1.595653057
Pseudomonas aeruginosa,2005,IS,Iceland,Northern,0,0.0769230769,0.0769230769,0,0.0769230769,8.26960283119905,-1.99253119932769,0.0769230769,1,13,20.8906,5213,56658.59267,9.15,17.24506319,0.891,2.311685801,1.973406911,1.951465964
Pseudomonas aeruginosa,2005,LU,Luxembourg,Western,0.0434782608,0.0714285714,0.1,0.1,0.0909090909,13.4841251981598,-1.45030396611708,0,0,1,22.5546,5816,80289.69641,7.18,12.92818785,0.88,1.656579494,1.777104616,1.830680132
Pseudomonas aeruginosa,2005,MT,Malta,Southern,0.1555555555,0.1777777777,0.1111111111,0.4444444444,0.2222222222,34.6409229799666,0.749665871486979,0.1333333333,6,45,15.0163,1380,15857.60316,8.68,28.859061,0.828,0.824055374,0.822761059,1.426871419
Pseudomonas aeruginosa,2005,NL,Netherlands,Western,0.0666666666,0.0481283422,0.0526315789,0.09,0.0434782608,9.80414272915164,-1.83296350269835,0.0523809523,11,210,9.3726,3822,41979.05585,9.1,9.885855764,0.891,1.970571518,1.94267118,1.764358282
Pseudomonas aeruginosa,2005,NO,Norway,Northern,0,0.0344827586,0.03125,0.0449438202,0.0266666666,4.93580239373044,-2.33919332100894,0,0,96,16.4117,5585,66810.47852,8.33,16.71413183,0.932,2.010045767,1.864108086,1.924565315
Pseudomonas aeruginosa,2005,PL,Poland,Eastern,0.56,0.2692307692,0.3076923076,0.3076923076,0.5,60.5522317847989,3.44402909277252,0.3846153846,10,26,17.1904,465.7,8020.963164,5.81,28.04986238,0.808,0.266916394,0.478356808,0.480804861
Pseudomonas aeruginosa,2005,RO,Romania,Eastern,0.6363636363,0.6086956521,0.5217391304,0.6363636363,0.6086956521,94.4395518314692,6.96777038617461,0.652173913,15,23,9.6463,254.5,4617.929016,5.53,18.49896908,0.755,-0.24165462,-0.30682531,-0.138228342
Pseudomonas aeruginosa,2005,SE,Sweden,Northern,0,0.1754385964,0.0469798657,0.0601503759,0.0909090909,12.5494675418962,-1.54749346868131,0.0143884892,2,139,14.4845,3574,43437.06312,8.27,17.11302102,0.899,2.022613049,1.892861724,1.809584975
Pseudomonas aeruginosa,2005,SI,Slovenia,Southern,0.1842105263,0.1315789473,0.1052631578,0.2894736842,0.2105263157,28.7940364129963,0.141682838143053,0.1842105263,7,38,13.8169,1449,18098.90873,7.97,13.0193755,0.861,0.909937859,0.892818451,0.893384457
Pseudomonas aeruginosa,2005,UK,United Kingdom,Northern,0.0329949238,0.0921787709,0.034574468,0.0825242718,0.0200573065,8.6789210167729,-1.94996863047714,0.0123152709,5,406,13.5968,3010,42030.28661,7.17,9.898933023,0.89,1.901079059,1.76659596,1.569473028
Pseudomonas aeruginosa,2006,AT,Austria,Western,0.0927318295,0.1486146095,0.0894308943,0.1483375959,0.0822942643,18.0310773594093,-0.977493396628192,0.0771144278,31,402,12.5923,3880,40635.28182,9.53,18.80627722,0.861,1.914531231,1.831036448,1.913556695
Pseudomonas aeruginosa,2006,BG,Bulgaria,Eastern,0.4193548387,0.1428571428,0.1333333333,0.1666666666,0.3333333333,36.8493459181237,0.979306666030869,0.1612903225,5,31,15.2938,294.1,4523.050833,6.57,42.64740646,0.756,-0.070736267,-0.057375778,-0.093535163
Pseudomonas aeruginosa,2006,CY,Cyprus,Southern,0.1081081081,0.1111111111,0.2432432432,0.2702702702,0.2702702702,32.5024328744215,0.527296977161222,0.1891891891,7,37,27.1439,1474,26729.3234,5.46,48.32824767,0.836,1.093416214,1.26732409,1.105020881
Pseudomonas aeruginosa,2006,CZ,Czechia,Eastern,0.2973568281,0.327198364,0.3047034764,0.4734693877,0.2892561983,53.3140409194142,2.69137258270459,0.3285714285,161,490,14.4593,942.1,15183.63605,6.2,11.64602414,0.843,0.35658446,1.096460104,0.87264353
Pseudomonas aeruginosa,2006,DE,Germany,Western,0.1790123456,0.1666666666,0.1172839506,0.2795031055,0.1728395061,28.7085641141823,0.132795081059921,0.1419753086,23,162,12.5741,3684,36323.44774,10.12,14.49688375,0.91,1.803052306,1.650242805,1.783432961
Pseudomonas aeruginosa,2006,EE,Estonia,Northern,0.075,0.2857142857,0.0731707317,0.0975609756,0.1219512195,21.1498025008041,-0.65319567853278,0.0465116279,2,43,10.0151,600.5,12631.56777,4.78,23.16620201,0.832,1.020036578,1.157150984,1.140900135
Pseudomonas aeruginosa,2006,EL,Greece,Southern,0.4736196319,0.4760736196,0.34125,0.4545454545,0.3923739237,66.9205417096145,4.10623184649721,0.4557739557,371,814,36.8892,2064,24801.15781,8.31,35.81883311,0.851,0.363785923,0.636947989,0.873663366
Pseudomonas aeruginosa,2006,ES,Spain,Southern,0.1086419753,0.1156812339,0.0725,0.1865671641,0.0891089108,18.1244655525763,-0.967782512671427,0.0592592592,24,405,14.9631,2228,28365.31349,7.75,21.27019912,0.848,1.185721397,0.83720243,1.131011367
Pseudomonas aeruginosa,2006,FI,Finland,Northern,0.0807453416,0.075949367,0.0310559006,0.1728395061,0.075,13.7321816947855,-1.42451004322638,0.0745341614,12,161,16.355,3286,41188.0937,8.01,19.72095817,0.899,2.464972258,2.17011404,1.973504543
Pseudomonas aeruginosa,2006,FR,France,Western,0.1636178861,0.1215139442,0.0598739495,0.2291457286,0.1134676564,21.3588201855006,-0.631461170002682,0.0964214711,97,1006,23.2338,3813,36443.62344,10.4,9.343630075,0.865,1.463726521,1.632802367,1.474471927
Pseudomonas aeruginosa,2006,HR,Croatia,Southern,0.473372781,0.2470588235,0.1144578313,0.3470588235,0.3764705882,47.6294446973795,2.10026515915165,0.294117647,50,170,19.36,816,11703.33789,6.98,13.3146584,0.794,0.078596674,0.571395218,0.00607663
Pseudomonas aeruginosa,2006,HU,Hungary,Eastern,0.2275229357,0.1613508442,0.0790441176,0.2122015915,0.0919765166,23.8572515598247,-0.371664119356235,0.1153846153,63,546,15.0498,893.2,11475.82271,7.81,25.0464052,0.811,0.658724189,0.872900426,0.997733533
Pseudomonas aeruginosa,2006,IE,Ireland,Northern,0.0944881889,0.0924369747,0.0569105691,0.1653543307,0.0708661417,15.2198455947103,-1.26981670342704,0.09375,12,128,18.3497,4143,54306.42932,7.51,13.92956227,0.895,1.710350394,1.536328793,1.722036839
Pseudomonas aeruginosa,2006,IS,Iceland,Northern,0,0.020988670793776,0.010005526429712,-0.024333147673712,-0.025865856343748,0,-2.85243811838175,0.045792140658121,0,9,17.8008,5072,56673.60244,8.83,16.60773754,0.893,2.183154345,1.893597007,1.895821095
Pseudomonas aeruginosa,2006,IT,Italy,Southern,0.300546448,0.213114754,0.1965317919,0.3606557377,0.2349726775,40.7333383544236,1.38317998832967,0.2240437158,41,183,22.3112,2830,33501.65817,8.46,21.31744474,0.862,0.483804554,0.364740819,0.38762024
Pseudomonas aeruginosa,2006,LT,Lithuania,Northern,0.2857142857,0.2142857142,0.3076923076,0.4615384615,0.2142857142,46.7200624375708,2.00570389505753,0.2857142857,4,14,22.0863,536.1,9240.642548,5.84,31.85560703,0.819,0.161695048,0.726338387,0.716303349
Pseudomonas aeruginosa,2006,LU,Luxembourg,Western,0.0434782608,0.0714285714,0.1,0.1,0.0909090909,13.4841251981598,-1.45030396611708,0,0,21,21.2929,6065,89739.7117,6.71,13.37627918,0.884,1.882663846,1.571361542,1.699837685
Pseudomonas aeruginosa,2006,LV,Latvia,Northern,0.4666666666,0.125,0.2857142857,0.3333333333,0.1666666666,42.6087046406214,1.57818819829813,0.2,3,15,9.7471,552.3,9663.373451,5.74,35.59818268,0.809,0.369864076,0.685126245,0.669317961
Pseudomonas aeruginosa,2006,MT,Malta,Southern,0.0784313725,0.2,0.3,0.24,0.4666666666,42.085576952005,1.52379125467553,0.0784313725,4,51,17.5933343000921,1474,16671.5672,8.84,29.62184846,0.826,1.010356903,1.025021791,1.568243623
Pseudomonas aeruginosa,2006,NL,Netherlands,Western,0.0425531914,0.0206185567,0.0460122699,0.0869565217,0.0229508196,7.28211188409381,-2.09521452224562,0.0091463414,3,328,9.6807,4077,44863.35063,9.08,8.327053487,0.897,2.050478697,1.788717747,1.783091784
Pseudomonas aeruginosa,2006,NO,Norway,Northern,0.0105263157,0.094117647,0.0520833333,0.0869565217,0.0329670329,9.32504858283969,-1.88278165959189,0.03125,3,96,14.5082,5893,74148.32008,7.92,16.4525494,0.936,2.133688211,1.879103065,1.979784608
Pseudomonas aeruginosa,2006,PL,Poland,Eastern,0.4594594594,0.2972972972,0.4166666666,0.4054054054,0.4324324324,63.4170208462739,3.74192150500528,0.3783783783,14,37,20.2663698500533,524.1,9038.654807,5.8,27.3152113,0.813,0.274150729,0.373784333,0.404506028
Pseudomonas aeruginosa,2006,PT,Portugal,Southern,0.1691729323,0.2071713147,0.1931818181,0.2067669172,0.1508620689,29.6718055410429,0.23295684028638,0.1315789473,35,266,19.0999,1813,19822.84603,9.14,25.13699532,0.803,1.01692152,0.874538302,0.985909998
Pseudomonas aeruginosa,2006,RO,Romania,Eastern,0.387432697118026,-0.063654296314563,-0.083980071189237,0.332151955248,0.417212115132824,29.0016803431772,0.163274498094175,0.200104934582155,1,3,20.2464762623827,291,5757.496429,5.07,19.99056488,0.766,-0.163892508,-0.210183203,-0.117874376
Pseudomonas aeruginosa,2006,SE,Sweden,Northern,0.0033333333,0.0468085106,0.0572390572,0.0485829959,0.0042194092,5.75047157377351,-2.25448070796588,0.0033783783,1,296,14.9508,3789,46593.60216,8.15,17.03516543,0.902,2.196596384,1.80431509,1.864799023
Pseudomonas aeruginosa,2006,SI,Slovenia,Southern,0.1549295774,0.0555555555,0.0833333333,0.2083333333,0.1805555555,21.4252229490433,-0.624556340716417,0.1388888888,10,72,12.4595,1542,19672.96549,7.8,12.27804348,0.868,1.034196496,0.963559985,0.910226941
Pseudomonas aeruginosa,2006,UK,United Kingdom,Northern,0.0337423312,0.0620155038,0.03125,0.0755287009,0.0128617363,7.17319200406972,-2.10654045413946,0.0157232704,5,318,13.5192,3252,44599.69757,7.31,10.18192694,0.889,1.79232657,1.670994282,1.785749197
Pseudomonas aeruginosa,2007,AT,Austria,Western,0.0857142857,0.1151960784,0.0503978779,0.1523341523,0.0609756097,14.7753572321137,-1.31603641025428,0.0536585365,22,410,12.9797,4473,46855.77175,9.53,18.80613863,0.881,2.013397455,1.870186687,1.960128188
Pseudomonas aeruginosa,2007,BG,Bulgaria,Eastern,0.2857142857,0.0714285714,0.2142857142,0.1428571428,0.1428571428,27.0821552798131,-0.036325521033364,0.2142857142,3,14,16.7311,361.2,5885.104348,6.16,42.59270132,0.764,-0.183496863,-0.007542833,-0.045955181
Pseudomonas aeruginosa,2007,CY,Cyprus,Southern,0.25,0.1923076923,0.1538461538,0.2307692307,0.3076923076,35.6954386631679,0.859318698925652,0.2115384615,11,52,28.6548,1694,31244.92622,5.36,48.79761338,0.844,1.080966115,1.427616119,1.119864106
Pseudomonas aeruginosa,2007,CZ,Czechia,Eastern,0.3382978723,0.3597678916,0.328820116,0.4274661508,0.3,55.3342121659148,2.90143820109028,0.328820116,170,517,14.8717,1110,18373.649,6.02,13.63102496,0.85,0.30260253,0.895334065,0.905903339
Pseudomonas aeruginosa,2007,DE,Germany,Western,0.0913705583,0.2233502538,0.1658031088,0.2806122448,0.1734693877,30.0008736319076,0.267174678065343,0.1624365482,32,197,13.3267,4167,41587.2129,9.97,14.43142295,0.914,1.735840321,1.637843847,1.772996068
Pseudomonas aeruginosa,2007,DK,Denmark,Northern,0.0119904076,0.0226537216,0.0243243243,0.0595854922,0.0343839541,5.30362300394111,-2.30094583873596,0.0128534704,5,389,15.3522,5468,58487.05497,9.33,14.56182599,0.904,2.446026087,2.353997707,2.013730049
Pseudomonas aeruginosa,2007,EE,Estonia,Northern,0.0666666666,0.1777777777,0.0666666666,0.0888888888,0.0888888888,15.9068432570402,-1.19837989379179,0.0416666666,2,48,10.6948,832.7,16741.93912,5.03,22.65051454,0.839,1.003259063,1.03731823,1.173004985
Pseudomonas aeruginosa,2007,EL,Greece,Southern,0.491864831,0.4674185463,0.3956466069,0.4974874371,0.3839397741,70.1040391238925,4.43726484883204,0.477443609,381,798,38.8897,2439,28827.32636,8.45,34.00274515,0.849,0.26738295,0.557945132,0.872375548
Pseudomonas aeruginosa,2007,ES,Spain,Southern,0.1498881431,0.1519274376,0.096196868,0.2455357142,0.0808988764,22.7200392522779,-0.489916077963436,0.0984340044,44,447,15.9434,2587,32549.97098,7.83,21.03814483,0.853,1.0866431,0.993321776,1.168316364
Pseudomonas aeruginosa,2007,FI,Finland,Northern,0.0819672131,0.0852272727,0.0546448087,0.1092896174,0.0730337078,12.9970995130749,-1.50094687665465,0.0655737704,12,183,17.1153,3775,48414.84509,7.83,19.82014626,0.901,2.40054965,1.974781752,1.914935946
Pseudomonas aeruginosa,2007,FR,France,Western,0.1847389558,0.1413210445,0.0676213206,0.2370255615,0.1147260273,23.1142088915286,-0.44892871653974,0.10906298,142,1302,23.8414,4315,41508.43399,10.33,9.506957978,0.867,1.464608192,1.471042156,1.472338557
Pseudomonas aeruginosa,2007,HR,Croatia,Southern,0.4021164021,0.2645502645,0.1351351351,0.2978723404,0.3015873015,43.1744821061618,1.63702003910039,0.2751322751,52,189,20.4561,1041,13962.84757,7.47,12.39423603,0.801,0.091828354,0.474211425,0.087641433
Pseudomonas aeruginosa,2007,HU,Hungary,Eastern,0.2586872586,0.1854043392,0.0914396887,0.2354085603,0.1145194274,27.3244564860284,-0.011130056635283,0.1470019342,76,517,13.4094,1003,13918.96019,7.22,27.01435387,0.814,0.622805893,0.70847553,0.96417439
Pseudomonas aeruginosa,2007,IE,Ireland,Northern,0.0952380952,0.0875,0.0545454545,0.1764705882,0.0588235294,14.932162148639,-1.29973119760814,0.0701754385,12,171,19.7032,4852,61359.74138,7.8,11.5712367,0.899,1.7485919,1.560755491,1.745495081
Pseudomonas aeruginosa,2007,IS,Iceland,Northern,0,0,0,0,0,0.510812263103719,-2.79932178276725,0,0,11,17.069,6085,69054.27079,8.63,16.04090184,0.899,2.208235979,1.795479417,1.845549464
Pseudomonas aeruginosa,2007,IT,Italy,Southern,0.2732240437,0.2663043478,0.2544378698,0.3532608695,0.1956521739,42.3329525475138,1.54951437470018,0.2663043478,49,184,22.8722,3088,37822.66524,8.16,21.51615471,0.866,0.336824447,0.197625935,0.478748947
Pseudomonas aeruginosa,2007,LT,Lithuania,Northern,0.3333333333,0.3,0,0.3809523809,0.05,31.8423393667678,0.458657770896981,0.1904761904,4,21,19.7204,704.3,12297.91535,5.76,28.40399444,0.826,0.13014929,0.701870203,0.726696849
Pseudomonas aeruginosa,2007,LU,Luxembourg,Western,0.2222222222,0.2,0.1111111111,0.3611111111,0.1470588235,32.2690240028744,0.503026173870073,0.1388888888,5,36,23.0678,6662,106018.4928,6.23,10.30742005,0.888,1.971466184,1.592555285,1.765278339
Pseudomonas aeruginosa,2007,LV,Latvia,Northern,0.3125,0.0625,0.125,0.125,0.3125,29.2112918940354,0.185070759241887,0.125,2,16,10.4864,807,14042.46242,5.77,39.3208921,0.818,0.352403969,0.480013371,0.759256601
Pseudomonas aeruginosa,2007,MT,Malta,Southern,0.0833333333,0.1111111111,0.0277777777,0.1111111111,0.1111111111,14.1661349105849,-1.3793858237894,0.0555555555,2,36,15.0163,1596,19375.5696,8.22,31.07822537,0.831,1.023427129,1.206339955,1.629644036
Pseudomonas aeruginosa,2007,NL,Netherlands,Western,0.0325443786,0.0234899328,0.0384615384,0.0532544378,0.0225080385,5.82809647082636,-2.24640895561826,0.0177514792,6,338,9.8592,4690,51733.44213,9.05,7.888962328,0.904,2.169936895,1.728332758,1.787349582
Pseudomonas aeruginosa,2007,NO,Norway,Northern,0.019047619,0.0927835051,0.0285714285,0.067961165,0.0206185567,7.69664419690759,-2.05210976724878,0.019047619,2,105,15.1596,6896,85139.96045,8.05,16.07217342,0.938,1.992581248,2.024723053,1.946529388
Pseudomonas aeruginosa,2007,PL,Poland,Eastern,0.4029850746,0.1791044776,0.2121212121,0.3731343283,0.3582089552,47.3043566373491,2.06646118115801,0.3134328358,21,67,18.7066,660.9,11255.37983,5.87,26.67068243,0.819,0.299163818,0.387233764,0.428653359
Pseudomonas aeruginosa,2007,PT,Portugal,Southern,0.1558823529,0.1486068111,0.1592920353,0.1910447761,0.1369047619,25.2894630420531,-0.222736947367938,0.0973451327,33,339,18.7196952192026,2067,22782.09462,9.07,25.67330897,0.81,1.036280632,0.900741637,1.016892791
Pseudomonas aeruginosa,2007,RO,Romania,Eastern,0.291402104350702,-0.162776519899417,-0.216776209993269,0.206731800053286,0.314933680214598,11.4226744982771,-1.66466198987008,0.059894650842874,1,4,25.2511343750911,415.1,8360.166321,5.02,17.59607494,0.78,-0.182706311,-0.319075227,-0.090740047
Pseudomonas aeruginosa,2007,SE,Sweden,Northern,0,0.0709876543,0.0447761194,0.0627306273,0.0153846153,6.75665251700558,-2.1498539232742,0.0058651026,2,341,15.0706,4322,53700.00534,8.06,16.94321185,0.905,2.244637012,2.025398016,1.909889698
Pseudomonas aeruginosa,2007,SI,Slovenia,Southern,0.1022727272,0.1931818181,0.0681818181,0.1704545454,0.125,20.9675978557852,-0.672142058199821,0.0909090909,8,88,13.4478,1794,23787.64669,7.49,13.63123655,0.873,1.009254336,0.936191022,0.923824251
Pseudomonas aeruginosa,2007,UK,United Kingdom,Northern,0.0514285714,0.0996168582,0.071875,0.090651558,0.0542168674,12.1147298673911,-1.5926992593234,0.026239067,9,343,14.4717,3740,50566.8266,7.41,10.40985957,0.892,1.742208004,1.648174167,1.737427235
Pseudomonas aeruginosa,2008,AT,Austria,Western,0.0810276679,0.1084812623,0.0649895178,0.1205533596,0.0764705882,14.5361567783054,-1.34090944581224,0.0609037328,31,509,13.2868,5037,51708.76575,9.73,18.24393272,0.884,1.843034983,1.780839682,1.922994852
Pseudomonas aeruginosa,2008,BG,Bulgaria,Eastern,0.4782608695,0.1739130434,0.5454545454,0.3636363636,0.4782608695,64.9231849464574,3.89853857083246,0.4347826086,10,23,17.4905,455.5,7265.735497,6.29,42.6291883,0.771,-0.254679352,-0.047309104,-0.107263453
Pseudomonas aeruginosa,2008,CY,Cyprus,Southern,0.2093023255,0.1860465116,0.0930232558,0.3809523809,0.2325581395,34.158843222241,0.69953725858187,0.2558139534,11,43,28.6932,2155,35397.36368,6.02,51.4000833,0.852,1.204644084,1.53257072,1.216479301
Pseudomonas aeruginosa,2008,CZ,Czechia,Eastern,0.4452690166,0.2890070921,0.440140845,0.4595070422,0.2746478873,60.1165676319912,3.39872696315031,0.3292253521,187,568,15.8673,1449,22698.85396,6.36,16.13297015,0.854,0.358293951,1.013641596,0.914493978
Pseudomonas aeruginosa,2008,DE,Germany,Western,0.0958083832,0.1077844311,0.0778443113,0.2228915662,0.0898203592,18.8102368485281,-0.896473225597466,0.0598802395,10,167,13.4535,4636,45427.15168,10.16,14.1092062,0.916,1.759812832,1.522835732,1.745705962
Pseudomonas aeruginosa,2008,DK,Denmark,Northern,0.0119047619,0.0117647058,0.0326633165,0.0338164251,0.0229226361,4.13107458839686,-2.42287218949713,0.0100502512,4,398,15.0695,6138,64322.0635,9.51,14.11779821,0.909,2.393063545,2.251271963,1.966503382
Pseudomonas aeruginosa,2008,EE,Estonia,Northern,0.1707317073,0.3,0.125,0.175,0.1842105263,30.3464466848376,0.303108768893994,0.0975609756,4,41,10.4557,1039,18227.12008,5.75,20.72413415,0.841,0.990575671,1.161840796,1.19912076
Pseudomonas aeruginosa,2008,EL,Greece,Southern,0.4750830564,0.4868995633,0.3744343891,0.4816870144,0.337704918,67.5476834171659,4.17144459063485,0.4627363737,416,899,40.3944,2848,31997.28201,8.89,31.99404776,0.857,0.13356024,0.58529228,0.862212479
Pseudomonas aeruginosa,2008,ES,Spain,Southern,0.1758241758,0.1316270566,0.108058608,0.2321755027,0.0839416058,22.9040421869619,-0.470782704826805,0.1076642335,59,548,15.7652,2968,35366.2596,8.29,21.01576924,0.856,1.190226078,0.920346916,1.193508863
Pseudomonas aeruginosa,2008,FI,Finland,Northern,0.0581395348,0.0628571428,0.0457142857,0.1542857142,0.0760233918,12.7309874548134,-1.5286182902417,0.0514285714,9,175,16.4782,4315,53554.03892,8.09,19.5440501,0.904,2.337259531,2.050841331,1.922676086
Pseudomonas aeruginosa,2008,FR,France,Western,0.1518518518,0.1422730989,0.0802469135,0.2210433244,0.1407342657,23.0959804538247,-0.450824183592404,0.1124780316,128,1138,23.3297,4794,45334.11444,10.51,9.99231413,0.869,1.407428026,1.582908034,1.507124543
Pseudomonas aeruginosa,2008,HR,Croatia,Southern,0.3906976744,0.3,0.1267605633,0.3317757009,0.3409090909,45.963187799906,1.92700099347089,0.2772727272,61,220,20.7704,1259,16309.43901,7.7,14.51390833,0.805,-0.010580561,0.569998205,0.086383566
Pseudomonas aeruginosa,2008,HU,Hungary,Eastern,0.255859375,0.2591093117,0.1135029354,0.2637795275,0.1322314049,31.8205155455764,0.456388441253739,0.1695906432,87,513,13.4216,1117,15753.47328,7.1,26.95135176,0.818,0.471792012,0.707318962,0.92606169
Pseudomonas aeruginosa,2008,IE,Ireland,Northern,0.057591623,0.0628571428,0.0427807486,0.1587301587,0.0534759358,12.0111065315014,-1.60347443502722,0.0476190476,9,189,19.309,5616,61262.10056,9.1,11.86308861,0.9,1.749867439,1.500238299,1.715703964
Pseudomonas aeruginosa,2008,IS,Iceland,Northern,0,0.000330350707449,0.023338306095576,0.050749628667423,0.079456071642495,5.4277545104888,-2.28803814007959,0,0,7,18.4473,4946,56409.7731,8.59,15.96008539,0.892,2.343693018,1.83180964,1.865285873
Pseudomonas aeruginosa,2008,IT,Italy,Southern,0.3012048192,0.3291925465,0.2418300653,0.3636363636,0.1976047904,45.0056835329701,1.82743580745547,0.2951807228,49,166,23.5944,3490,40778.34274,8.56,21.33932561,0.868,0.270140916,0.279626578,0.455116183
Pseudomonas aeruginosa,2008,LT,Lithuania,Northern,0.3809523809,0.238095238,0.0952380952,0.35,0.1428571428,36.7031344801462,0.964103006347566,0.238095238,5,21,20.996,936.5,14961.56818,6.29,28.17394733,0.831,0.139662281,0.616990626,0.72248292
Pseudomonas aeruginosa,2008,LU,Luxembourg,Western,0.0606060606,0.171535083856276,0.0303030303,0.1515151515,0.03125,14.1906133209693,-1.37684045917073,0.0606060606,2,33,22.9926,7548,114293.8433,6.54,10.06149203,0.89,1.971971512,1.625626564,1.801214099
Pseudomonas aeruginosa,2008,LV,Latvia,Northern,0.222478657463099,0.4,0.3636363636,0.4545454545,0.3,55.5847247408464,2.92748751698742,0.2727272727,3,11,9.6946,913.5,16376.99836,5.63,37.30623424,0.821,0.254886359,0.558495283,0.809207201
Pseudomonas aeruginosa,2008,MT,Malta,Southern,0.2258064516,0.3,0.3333333333,0.193548387,0.4516129032,48.6095071115127,2.2021760330135,0.2258064516,7,31,17.893,1751,21928.70067,7.96,32.99180269,0.833,0.997960448,1.279612303,1.624920011
Pseudomonas aeruginosa,2008,NL,Netherlands,Western,0.0405797101,0.0637681159,0.0608695652,0.0811594202,0.0610465116,10.2154936825797,-1.79018955838294,0.0463768115,16,345,10.0085,5361,57644.47997,9.28,9.923715144,0.906,2.11823535,1.696206212,1.761363387
Pseudomonas aeruginosa,2008,NO,Norway,Northern,0.0067567567,0.0684931506,0.0408163265,0.027027027,0.0625,7.18870072284303,-2.1049277945171,0.0202702702,3,148,15.2127,7768,96944.09561,7.96,15.65692127,0.938,1.906426668,1.842090368,1.970246673
Pseudomonas aeruginosa,2008,PL,Poland,Eastern,0.2727272727,0.1363636363,0.2727272727,0.299883297288653,0.3181818181,41.2156418928249,1.43333187085913,0.2272727272,5,22,17.414,892.6,14001.38156,6.37,24.43300337,0.824,0.461351156,0.473243326,0.546503127
Pseudomonas aeruginosa,2008,PT,Portugal,Southern,0.1065217391,0.176744186,0.1594827586,0.231441048,0.1735357917,27.2430316209923,-0.019596945101009,0.1349036402,63,467,18.99,2322,24847.54514,9.35,25.81731975,0.814,1.070165277,1.085485101,1.020403624
Pseudomonas aeruginosa,2008,RO,Romania,Eastern,0.304915214633026,0.087048044865437,-0.035749461200666,0.213959730806929,0.284285395114074,25.6230516892595,-0.188049043764098,0.129703596832155,2,8,26.4842752464311,521.3,10435.04398,5.02,18.182154,0.795,-0.14283666,-0.324172407,-0.013610071
Pseudomonas aeruginosa,2008,SE,Sweden,Northern,0.0031847133,0.0394265232,0.0517799352,0.0526315789,0.0119047619,5.67752278732062,-2.26206621932451,0.0095238095,3,315,14.2216,4653,56152.55234,8.3,16.92032367,0.901,2.227349281,1.956433296,1.931482196
Pseudomonas aeruginosa,2008,SI,Slovenia,Southern,0.129032258,0.1578947368,0.1368421052,0.2421052631,0.2105263157,27.9231496144759,0.051124488601135,0.1684210526,16,95,12.6229,2171,27483.33695,7.85,12.63994575,0.878,0.981918633,1.187827349,1.00898242
Pseudomonas aeruginosa,2008,UK,United Kingdom,Northern,0.0289389067,0.0637450199,0.035335689,0.076433121,0.0181818181,7.44742453972271,-2.07802464030278,0.0130293159,4,307,14.9073,3606,47286.99849,7.65,9.436758608,0.896,1.682486892,1.643774986,1.708198905
Pseudomonas aeruginosa,2009,AT,Austria,Western,0.0785854616,0.0877192982,0.0600414078,0.12890625,0.064453125,13.4811735678398,-1.4506108886364,0.0600775193,31,516,13.6297,4909,47963.1794,10.23,18.05128604,0.886,1.703024626,1.666579604,1.784890175
Pseudomonas aeruginosa,2009,BE,Belgium,Western,0.0952380952,0.0895522388,0.0597014925,0.1567164179,0.0673076923,14.8811980877948,-1.30503064782814,0.0522388059,7,134,22.1649,4567,44583.54481,10.14,18.16453636,0.899,1.460205913,1.571341515,1.384072661
Pseudomonas aeruginosa,2009,BG,Bulgaria,Eastern,0.3333333333,0.2352941176,0.2285714285,0.3333333333,0.3333333333,45.869167791138,1.91722441075955,0.2777777777,10,36,15.9105,459.3,6984.965976,6.61,44.36734319,0.774,-0.212567106,0.166158289,-0.038340408
Pseudomonas aeruginosa,2009,CY,Cyprus,Southern,0.0483870967,0.0819672131,0.1774193548,0.129032258,0.1774193548,20.4253309797414,-0.728529172333597,0.1129032258,7,62,29.1558,2105,32109.24251,6.47,49.9238044,0.854,0.912045002,1.41832912,1.212835073
Pseudomonas aeruginosa,2009,CZ,Czechia,Eastern,0.3217391304,0.2886956521,0.2904347826,0.4139130434,0.2787456445,50.1270908185118,2.35998055597909,0.3078260869,177,575,16.6193,1442,19741.59763,7.29,15.05053937,0.857,0.386209816,0.883240402,0.962592542
Pseudomonas aeruginosa,2009,DE,Germany,Western,0.0739436619,0.1060070671,0.1091549295,0.1719298245,0.1302816901,19.1235532826777,-0.863893309115615,0.0736842105,21,285,13.7802,4643,41485.90165,11.14,13.91829103,0.916,1.755257964,1.578987122,1.655951381
Pseudomonas aeruginosa,2009,DK,Denmark,Northern,0.0070093457,0.0288184438,0.0353697749,0.0535279805,0.018766756,5.08888355320855,-2.32327531975797,0.0168674698,7,415,15.0173,6222,58163.27688,10.67,13.68460506,0.906,2.446495295,2.232205391,1.924757004
Pseudomonas aeruginosa,2009,EE,Estonia,Northern,0.0952380952,0.1724137931,0.0697674418,0.1860465116,0.125,20.6282731106689,-0.707426424582071,0.0697674418,3,43,9.7171,963,14794.97079,6.54,20.33495456,0.838,1.007584095,1.009114146,1.131253362
Pseudomonas aeruginosa,2009,EL,Greece,Southern,0.4128440366,0.4401826484,0.3370577281,0.4537037037,0.3274907749,61.8675770820902,3.58080404377969,0.4020427112,433,1077,34.5956,2816,29710.9703,9.47,29.30950224,0.859,0.067469649,0.61948657,0.652814925
Pseudomonas aeruginosa,2009,ES,Spain,Southern,0.1915285451,0.1611111111,0.0772058823,0.25,0.081632653,23.5916599173708,-0.39928141799208,0.1397058823,76,544,15.6735,2913,32042.47408,8.98,19.5030123,0.858,1.062199712,0.945832193,1.162589192
Pseudomonas aeruginosa,2009,FI,Finland,Northern,0.0446428571,0.07860262,0.0472103004,0.1072961373,0.0655021834,11.2113580134697,-1.68663553698053,0.0386266094,9,233,16.5638,4180,47293.99283,8.88,19.38837022,0.899,2.251192331,2.229058743,1.970258117
Pseudomonas aeruginosa,2009,FR,France,Western,0.1898188093,0.1739130434,0.1677419354,0.2483388704,0.2102076124,31.3660463040196,0.409130882059052,0.1680327868,205,1220,24.4043,4724,41575.41875,11.3,10.14965624,0.869,1.438242078,1.480974436,1.452676177
Pseudomonas aeruginosa,2009,HU,Hungary,Eastern,0.2906976744,0.2655038759,0.1162790697,0.2651072124,0.1881188118,34.9048129735709,0.777106225758094,0.207364341,107,516,13.8559,943.7,13046.48101,7.25,26.26888156,0.823,0.433832288,0.67319572,0.796490192
Pseudomonas aeruginosa,2009,IE,Ireland,Northern,0.0638297872,0.0848214285,0.0603448275,0.0932203389,0.0425531914,11.2504040399226,-1.68257537242441,0.0381355932,9,236,17.7884,5481,52105.15248,10.49,12.70052791,0.896,1.759451747,1.336170197,1.750501871
Pseudomonas aeruginosa,2009,IS,Iceland,Northern,0,0,0.0625,0.125,0.125,10.4944839703708,-1.76117901413825,0,0,16,17.1614,3693,41333.41853,8.87,16.6221723,0.891,2.04151988,1.635218859,1.714270711
Pseudomonas aeruginosa,2009,IT,Italy,Southern,0.3642384105,0.3085106382,0.1646341463,0.4196891191,0.2432432432,46.3313633663233,1.96528538553315,0.2769230769,54,195,23.7273,3324,37079.75867,8.98,20.66364437,0.868,0.199060738,0.421652019,0.404739648
Pseudomonas aeruginosa,2009,LT,Lithuania,Northern,0.1904761904,0.1904761904,0.1428571428,0.3333333333,0.2,33.1678489620987,0.59648964693307,0.1904761904,4,21,16.1981,864.7,11837.39103,7.36,26.81708038,0.821,0.231553197,0.693558395,0.728031814
Pseudomonas aeruginosa,2009,LU,Luxembourg,Western,0.0857142857,0.1515151515,0.1428571428,0.1142857142,0.1428571428,20.84459611543,-0.684932279174895,0.1428571428,5,35,23.7525,7640,103198.6693,7.34,9.895283729,0.885,1.973333359,1.747320056,1.827186227
Pseudomonas aeruginosa,2009,LV,Latvia,Northern,0.2222222222,0.0714285714,0.1666666666,0.1176470588,0.1666666666,23.6725174577411,-0.390873522251335,0.1111111111,2,18,9.3298,744.7,12257.21657,6.15,38.78267705,0.819,0.226274058,0.623809874,0.814353228
Pseudomonas aeruginosa,2009,MT,Malta,Southern,0.2068965517,0.2068965517,0.2931034482,0.224137931,0.3620689655,41.6536847442871,1.47888134723704,0.1896551724,11,58,18.6035,1677,20675.58259,8.08,32.45967627,0.835,0.772958219,1.173995137,1.480706453
Pseudomonas aeruginosa,2009,NL,Netherlands,Western,0.0130434782,0.0299145299,0.0438596491,0.0695652173,0.0300429184,6.43000979841601,-2.18381956098465,0.0213675213,5,234,10.1139,5262,52514.02712,9.99,9.069506824,0.906,2.13432312,1.739726305,1.814506173
Pseudomonas aeruginosa,2009,NO,Norway,Northern,0,0.0542168674,0.0487804878,0.024691358,0.0372670807,5.95711506739817,-2.23299307747473,0.0181818181,3,165,14.8862,7302,79977.69708,9.06,15.25448412,0.938,1.994785309,1.841374755,1.881072044
Pseudomonas aeruginosa,2009,PL,Poland,Eastern,0.2727272727,0.2535211267,0.214876033,0.255033557,0.298013245,40.8931447035391,1.39979730213762,0.2236842105,34,152,20.0809,759.6,11527.53442,6.59,24.51955527,0.828,0.445084333,0.531756818,0.62840575
Pseudomonas aeruginosa,2009,PT,Portugal,Southern,0.119402985,0.1634615384,0.125,0.2050290135,0.1700934579,25.0182820523574,-0.250935449051176,0.1380597014,74,536,19.134,2279,23059.79745,9.88,24.60703701,0.817,1.092931271,1.156264782,1.064921498
Pseudomonas aeruginosa,2009,RO,Romania,Eastern,0.3846153846,0.4615384615,0.3,0.3076923076,0.3076923076,55.5233293086149,2.92110337036613,0.3076923076,4,13,9.6463,449.4,8548.118672,5.28,20.78450471,0.798,-0.262549967,-0.359749705,0.045407757
Pseudomonas aeruginosa,2009,SI,Slovenia,Southern,0.1238095238,0.1495327102,0.0841121495,0.1308411214,0.1588785046,20.6603677354778,-0.704089095026954,0.1121495327,12,107,11.9269,2117,24694.23056,8.56,12.77988851,0.877,1.058565736,1.154733896,1.07542634
Pseudomonas aeruginosa,2009,UK,United Kingdom,Northern,0.0128617363,0.0807086614,0.0548446069,0.0705128205,0.0306306306,8.50112129506533,-1.96845696831187,0.0193548387,12,620,15.1974,3274,38713.13743,8.48,9.372603148,0.899,1.632727146,1.512003183,1.7389853
Pseudomonas aeruginosa,2010,AT,Austria,Western,0.1,0.1437632135,0.0759219088,0.156,0.0874751491,17.9691802176195,-0.983929713048841,0.0854870775,43,503,13.1338,4796,46858.04327,10.22,18.60162616,0.895,1.585461736,1.841762662,1.800300002
Pseudomonas aeruginosa,2010,BE,Belgium,Western,0.1382978723,0.0461538461,0.0666666666,0.1239669421,0.1157024793,15.5016775154714,-1.24051067463464,0.0495867768,6,121,23.1055,4450,44141.87814,9.97,18.17270666,0.903,1.527498484,1.575025916,1.393127918
Pseudomonas aeruginosa,2010,BG,Bulgaria,Eastern,0.1904761904,0.3095238095,0.1891891891,0.2142857142,0.1463414634,33.4522637979267,0.626064257733898,0.1428571428,6,42,15.8428,484.8,6809.898984,7.11,43.14134419,0.779,-0.185103625,0.114835203,-0.069240548
Pseudomonas aeruginosa,2010,CY,Cyprus,Southern,0.1041666666,0.2916666666,0.1666666666,0.1702127659,0.1875,29.7823899110065,0.244455852610426,0.1458333333,7,48,26.2621,1959,31023.63833,6.28,40.94297886,0.85,0.974873543,1.531830311,1.216248751
Pseudomonas aeruginosa,2010,CZ,Czechia,Eastern,0.3235294117,0.1647058823,0.2848722986,0.4078431372,0.2764705882,45.7460643966635,1.90442361937592,0.294117647,150,510,16.0064,1374,19808.07109,6.93,15.25087506,0.862,0.331638575,0.905217707,0.949479163
Pseudomonas aeruginosa,2010,DE,Germany,Western,0.1015873015,0.1254019292,0.0809061488,0.1841269841,0.1555555555,20.6288780738252,-0.707363518053847,0.0952380952,30,315,13.3884,4597,41531.9342,11.01,14.04069811,0.92,1.776269913,1.571171761,1.631237388
Pseudomonas aeruginosa,2010,DK,Denmark,Northern,0.0133333333,0.0308988764,0.0279329608,0.0611111111,0.0387811634,5.92241405327817,-2.23660142998562,0.0194444444,7,360,15.8742,6012,58041.39844,10.33,14.38572407,0.91,2.358993053,2.096789598,1.897532105
Pseudomonas aeruginosa,2010,EE,Estonia,Northern,0.2,0.2142857142,0.117116627205476,0.2,0.109435271157225,26.4126559695482,-0.105942780888538,0.2,2,10,9.811,926.5,14790.82122,6.33,21.91824913,0.844,0.995167315,1.085700631,1.159708977
Pseudomonas aeruginosa,2010,EL,Greece,Southern,0.4175050301,0.4314314314,0.4022750775,0.4568527918,0.3887775551,66.1648347362672,4.02765036339296,0.4250764525,417,981,35.558,2574,26917.75898,9.56,28.12847197,0.857,-0.057776872,0.556039333,0.630501211
Pseudomonas aeruginosa,2010,ES,Spain,Southern,0.1815754339,0.1775700934,0.0747663551,0.2483311081,0.0640854472,23.1476939634169,-0.445446802645028,0.1228304405,92,749,16.194,2775,30502.71971,9.01,20.75950205,0.865,1.084354401,0.994798839,1.188944459
Pseudomonas aeruginosa,2010,FI,Finland,Northern,0.0407407407,0.0981818181,0.0284697508,0.1107142857,0.0703703703,11.3077520781769,-1.67661209028188,0.0533807829,15,281,17.0141,4100,46459.97325,8.88,19.96495873,0.903,2.159788132,2.2293396,1.968725324
Pseudomonas aeruginosa,2010,FR,France,Western,0.1864406779,0.1779089376,0.1268582755,0.2277730736,0.2026666666,29.0647332911587,0.169830999941094,0.1469353484,175,1191,23.2071,4593,40638.334,11.24,10.22069007,0.872,1.466379523,1.430300951,1.519731045
Pseudomonas aeruginosa,2010,HR,Croatia,Southern,0.2596153846,0.2857142857,0.1116751269,0.2644230769,0.1586538461,33.5797139298911,0.639317040551607,0.1904761904,40,210,17.1814,1126,13923.62858,8.1,13.95677775,0.811,0.059268434,0.622320652,0.201946497
Pseudomonas aeruginosa,2010,HU,Hungary,Eastern,0.2902208201,0.2488188976,0.105511811,0.26709062,0.1375838926,32.3897641171873,0.515581221775568,0.1776729559,113,636,13.6198,983.1,13113.52596,7.52,27.44554877,0.826,0.365650147,0.666669607,0.780267775
Pseudomonas aeruginosa,2010,IE,Ireland,Northern,0.0456621004,0.0648148148,0.0601851851,0.1055045871,0.0825688073,11.7691563321883,-1.62863340030073,0.0502283105,11,219,17.3857,5128,48715.17686,10.5,13.79563659,0.89,1.688269019,1.349588037,1.768064141
Pseudomonas aeruginosa,2010,IS,Iceland,Northern,0,0,0.0833333333,0.1666666666,0.0833333333,11.1303164408137,-1.69506256914645,0.0833333333,1,12,19.8185,3645,43024.92349,8.53,18.18674654,0.892,1.942624211,1.585731506,1.713806868
Pseudomonas aeruginosa,2010,IT,Italy,Southern,0.2334047109,0.2200392927,0.1769041769,0.3104925053,0.2121212121,36.2308584929781,0.914993829358218,0.2077087794,97,467,23.0233,3215,36000.52012,8.95,20.54892778,0.871,0.126922861,0.44190973,0.430328697
Pseudomonas aeruginosa,2010,LT,Lithuania,Northern,0.129032258,0.2666666666,0.0967741935,0.1612903225,0.064516129,22.8615114729308,-0.475205221362871,0.0967741935,3,31,14.411,805.2,11957.08421,6.82,27.59107947,0.824,0.376731932,0.743253648,0.782363355
Pseudomonas aeruginosa,2010,LU,Luxembourg,Western,0.09375,0.09375,0,0.21875,0.0625,14.4595705289385,-1.34887319535128,0.09375,3,32,23.1935,7452,104965.3061,7.03,10.23235396,0.893,2.046461344,1.721773505,1.85144341
Pseudomonas aeruginosa,2010,LV,Latvia,Northern,0.2857142857,0.1428571428,0.0952380952,0.1904761904,0.1904761904,27.9602279497234,0.054980044626879,0.0952380952,2,21,9.9464,689.1,11348.40623,6.15,37.18564808,0.817,0.228307128,0.708809972,0.787803769
Pseudomonas aeruginosa,2010,MT,Malta,Southern,0.3095238095,0.238095238,0.1428571428,0.238095238,0.3571428571,40.169437308215,1.32454326523734,0.2857142857,12,42,18.0963,1734,21107.36443,8.21,33.02583098,0.847,0.790017307,1.192727447,1.416975498
Pseudomonas aeruginosa,2010,NL,Netherlands,Western,0.0239361702,0.0269541778,0.0268817204,0.0426666666,0.0427807486,5.63028857064114,-2.26697782518611,0.0106666666,4,375,10.008,5187,50950.03434,10.16,9.095671028,0.911,2.143759251,1.729365945,1.819352388
Pseudomonas aeruginosa,2010,NO,Norway,Northern,0.0059880239,0.0119047619,0.024691358,0.0363636363,0.0306748466,4.01108868121027,-2.43534881187971,0.0059880239,1,167,15.4061,7860,87693.79007,8.9,15.04647136,0.942,2.085211277,1.878928065,1.897269487
Pseudomonas aeruginosa,2010,PL,Poland,Eastern,0.2965517241,0.245508982,0.2185430463,0.2784810126,0.2944785276,41.9817637921801,1.51299634030727,0.2331288343,38,163,17.9982,809.2,12599.53358,6.42,23.86526614,0.835,0.497079551,0.640948951,0.683574736
Pseudomonas aeruginosa,2010,PT,Portugal,Southern,0.1407678244,0.1610486891,0.1224862888,0.2026266416,0.1758241758,25.536443128908,-0.197054953940901,0.1405109489,77,548,18.612,2213,22498.69086,9.82,24.55263883,0.822,1.090370893,1.010234594,1.05659771
Pseudomonas aeruginosa,2010,RO,Romania,Eastern,0.5,0.7,0.6,0.437595343048516,0.366598179949869,82.9214915948772,5.7700756608415,0.5,5,10,26.2993292159721,472.2,8209.919456,5.77,19.63123679,0.797,-0.226526499,-0.265529186,0.048213527
Pseudomonas aeruginosa,2010,SE,Sweden,Northern,0,0.0552486187,0.037037037,0.0503144654,0.0476190476,6.64699761472755,-2.16125628576993,0.0105820105,4,378,13.7565,4437,52869.04429,8.48,16.94122553,0.906,2.274586916,2.004213095,1.955096722
Pseudomonas aeruginosa,2010,SI,Slovenia,Southern,0.0860215053,0.1910112359,0.0526315789,0.0947368421,0.147368421,18.3979784746348,-0.939341527181603,0.0947368421,9,95,11.8137,2015,23509.54339,8.59,12.6401633,0.881,0.922867894,1.02644074,1.008394241
Pseudomonas aeruginosa,2010,UK,United Kingdom,Northern,0.0191304347,0.0649087221,0.0487804878,0.0669014084,0.0386965376,8.09598528896606,-2.01058465713973,0.0212014134,12,566,16.4634,3309,39435.8399,8.43,9.79340598,0.905,1.604826927,1.568379402,1.764102578
Pseudomonas aeruginosa,2011,AT,Austria,Western,0.1327102803,0.1356877323,0.1064257028,0.1859099804,0.1363636363,22.1565066954522,-0.548514484031793,0.1061452513,57,537,12.6683,5161,51374.95841,10.03,18.73956323,0.897,1.43189621,1.617761374,1.801554561
Pseudomonas aeruginosa,2011,BE,Belgium,Western,0.141566265,0.1067538126,0.0887290167,0.2115869017,0.1542553191,22.1509895149066,-0.54908818289275,0.1103117505,46,417,23.6027,4856,47348.52502,10.14,18.17521751,0.904,1.575072408,1.656355858,1.418425918
Pseudomonas aeruginosa,2011,BG,Bulgaria,Eastern,0.3333333333,0.2916666666,0.3076923076,0.2978723404,0.2325581395,46.2694933599929,1.95885189076788,0.25,12,48,16.9587,555.9,7806.348652,7.13,44.46372688,0.782,-0.220316142,0.110085554,-0.111741245
Pseudomonas aeruginosa,2011,CY,Cyprus,Southern,0.156862745,0.431372549,0.2352941176,0.1372549019,0.1960784313,37.4891500453978,1.04583610004512,0.1960784313,10,51,26.8634,2153,32396.38574,6.59,42.79902577,0.853,0.866362035,1.563668251,1.07300961
Pseudomonas aeruginosa,2011,CZ,Czechia,Eastern,0.2410714285,0.1316964285,0.203125,0.3392857142,0.2209821428,35.6918852129976,0.85894919673185,0.2120535714,95,448,16.5068,1517,21717.45794,6.98,15.02145827,0.865,0.341793329,0.930979669,1.036918283
Pseudomonas aeruginosa,2011,DE,Germany,Western,0.1165803108,0.0984455958,0.0906735751,0.1818181818,0.1476683937,20.2006664194608,-0.751890706592865,0.0723514211,28,387,13.085,5022,46644.77603,10.72,14.05884922,0.925,1.743272901,1.554961085,1.616170526
Pseudomonas aeruginosa,2011,DK,Denmark,Northern,0.0222772277,0.0545905707,0.0522388059,0.0694789081,0.0543209876,8.55610438856604,-1.96273960273854,0.0321782178,13,404,16.689,6281,61753.64713,10.15,14.55079019,0.922,2.404429197,2.101078987,1.922707915
Pseudomonas aeruginosa,2011,EE,Estonia,Northern,0,0.0833333333,0.206519412102092,0.0625,0.148112383835478,17.3376881067265,-1.04959482981071,0,0,12,10.746,1015,17621.54744,5.82,21.55589908,0.853,1.052501321,1.076736927,1.183797717
Pseudomonas aeruginosa,2011,EL,Greece,Southern,0.3775401069,0.54,0.3741935483,0.3879957127,0.3109425785,63.0161047457994,3.70023261911857,0.3839572192,359,935,31.6285,2354,25916.29353,9.1,30.91951609,0.853,-0.098818809,0.512197733,0.572887123
Pseudomonas aeruginosa,2011,ES,Spain,Southern,0.1871275327,0.1632896305,0.0885167464,0.2422434367,0.0636254501,23.1473631028641,-0.445481206870277,0.126340882,106,839,16.597,2895,31636.44631,9.08,21.11074477,0.87,1.104123712,1.02723515,1.198051929
Pseudomonas aeruginosa,2011,FI,Finland,Northern,0.0483271375,0.1078066914,0.0930232558,0.1545064377,0.1563981042,18.2388263738188,-0.955890809591794,0.0772532188,18,233,18.5545,4549,51081.99767,8.96,19.33733374,0.907,2.198592424,2.241137981,1.949498773
Pseudomonas aeruginosa,2011,FR,France,Western,0.2102628285,0.1997533908,0.1603001364,0.2696267696,0.2251908396,33.5786205480484,0.63920334626291,0.1893892658,307,1621,23.352,4933,43790.73205,11.2,10.22155136,0.876,1.532393575,1.35914433,1.446996093
Pseudomonas aeruginosa,2011,HR,Croatia,Southern,0.3539823008,0.2964601769,0.176744186,0.3511111111,0.2321428571,43.7435059629193,1.69618945285828,0.2687224669,61,227,16.5239,1132,14566.63847,7.79,12.05216944,0.817,0.063671045,0.561252236,0.217892975
Pseudomonas aeruginosa,2011,HU,Hungary,Eastern,0.1785123966,0.2119205298,0.119205298,0.2036727879,0.1068447412,25.861209736451,-0.163284401883633,0.1225165562,74,604,13.7978,1063,14150.96673,7.54,28.24357152,0.823,0.399596125,0.674927473,0.764692008
Pseudomonas aeruginosa,2011,IE,Ireland,Northern,0.0386740331,0.0611111111,0.044198895,0.0614525139,0.0290697674,7.86004303937337,-2.03511889137846,0.0331491712,6,181,19.209,5563,51848.90973,10.69,13.9069587,0.894,1.562962532,1.455905318,1.755929351
Pseudomonas aeruginosa,2011,IS,Iceland,Northern,0,0.0588235294,0.0588235294,0.0625,0.0588235294,8.27603887551884,-1.99186195327623,0.0588235294,1,17,19.8122,3867,47516.87469,8.25,18.47118735,0.901,1.939585567,1.583260417,1.697877765
Pseudomonas aeruginosa,2011,IT,Italy,Southern,0.2043010752,0.2056962025,0.1617161716,0.2610062893,0.2188841201,33.2046163712057,0.600312871594787,0.1725239616,54,313,23.0974,3388,38599.06221,8.83,22.02690393,0.875,0.181863904,0.377540648,0.466513753
Pseudomonas aeruginosa,2011,LT,Lithuania,Northern,0.1333333333,0.2,0.2068965517,0.1666666666,0.1333333333,27.2404051911756,-0.019870051950021,0.1,3,30,15.4814,925.5,14354.18838,6.5,28.22128236,0.831,0.327106059,0.703799188,0.774957716
Pseudomonas aeruginosa,2011,LU,Luxembourg,Western,0.15625,0.15625,0.09375,0.1875,0.15625,23.6727918876789,-0.390844985910819,0.15625,5,32,23.3347,7165,115761.5077,6.11,10.87945402,0.892,2.159843683,1.748484015,1.833190441
Pseudomonas aeruginosa,2011,LV,Latvia,Northern,0.25,0.0833333333,0.0909090909,0.25,0.0909090909,23.4653468244971,-0.412415966862969,0.0833333333,1,12,10.7763,764.6,13832.39118,5.57,34.296754,0.822,0.286647677,0.698138297,0.747023225
Pseudomonas aeruginosa,2011,MT,Malta,Southern,0.3333333333,0.238095238,0.119047619,0.1904761904,0.238095238,34.6967280763379,0.755468712260315,0.238095238,10,42,20.0757,1960,22858.58609,8.56,33.16239417,0.848,0.766042888,1.195340633,1.286828995
Pseudomonas aeruginosa,2011,NL,Netherlands,Western,0.0460829493,0.0348027842,0.0460829493,0.0714285714,0.0639386189,8.70290070998739,-1.94747512449713,0.029953917,13,434,10.1292,5555,54159.34661,10.23,9.482382983,0.922,2.120604277,1.788898706,1.822073698
Pseudomonas aeruginosa,2011,NO,Norway,Northern,0,0.0405405405,0.0342465753,0.0544217687,0.0492957746,6.24822350008116,-2.20272243926286,0.0135135135,2,148,16.1062,8900,100600.5624,8.78,15.20982683,0.943,2.149326324,1.837559104,1.873943806
Pseudomonas aeruginosa,2011,PL,Poland,Eastern,0.335078534,0.2445652173,0.2323943661,0.3041237113,0.3141361256,44.8763108053852,1.81398310532962,0.2577319587,50,194,18.2179,866.1,13893.50926,6.23,23.96363318,0.84,0.557022214,0.620748818,0.766173959
Pseudomonas aeruginosa,2011,PT,Portugal,Southern,0.1520912547,0.1980198019,0.1520912547,0.2558139534,0.1896551724,30.1115898953659,0.278687405211127,0.1619047619,85,525,19.2262,2208,23186.91313,9.53,26.30024552,0.827,1.112963796,0.947194099,1.02385664
Pseudomonas aeruginosa,2011,RO,Romania,Eastern,0.6,0.6,0.637700567007425,0.53657165986827,0.438521632476136,88.9968101520999,6.40181198112809,0.6,6,10,26.4766,426.6,9104.995622,4.7,24.27583933,0.798,-0.213255227,-0.328980565,0.056954619
Pseudomonas aeruginosa,2011,SE,Sweden,Northern,0.0126262626,0.069879518,0.048076923,0.0552884615,0.0674698795,8.64444604195102,-1.95355347850294,0.0240963855,10,415,13.8858,6387,60755.75955,10.67,15.0433436,0.906,2.196956873,1.96506381,1.941077232
Pseudomonas aeruginosa,2011,SI,Slovenia,Southern,0.0762711864,0.2372881355,0.0762711864,0.0932203389,0.127118644,19.7844306808179,-0.79517259073199,0.1016949152,12,118,11.8791,2145,25095.13263,8.57,12.19664216,0.883,0.948806465,0.98951149,1.052851915
Pseudomonas aeruginosa,2011,SK,Slovakia,Eastern,0.5075187969,0.3052208835,0.252,0.5864661654,0.4135338345,63.6447594326447,3.76560268899358,0.3970037453,106,267,21.3669,1351,18338.36223,7.42,23.57158959,0.836,0.275087953,0.832547903,0.607048392
Pseudomonas aeruginosa,2011,UK,United Kingdom,Northern,0.033898305,0.0555555555,0.0484429065,0.0615384615,0.0430879712,8.16427071871191,-2.00348406056845,0.0255536626,15,587,16.5041,3502,42038.57225,8.38,9.883193672,0.899,1.616091013,1.558900833,1.650690675
Pseudomonas aeruginosa,2012,AT,Austria,Western,0.1064189189,0.1459074733,0.1398601398,0.1437371663,0.1819727891,23.2372173769706,-0.436137794183124,0.1042016806,62,595,12.1885,4966,48567.69529,10.2,18.67409199,0.899,1.389730573,1.57587254,1.858178735
Pseudomonas aeruginosa,2012,BE,Belgium,Western,0.1118881118,0.0971867007,0.0828220858,0.1823708206,0.096491228,18.1108891858442,-0.969194238473362,0.0895522388,30,335,23.9409,4615,44673.11588,10.27,17.73408204,0.905,1.608068228,1.602476358,1.427129149
Pseudomonas aeruginosa,2012,BG,Bulgaria,Eastern,0.294117647,0.3137254901,0.3461538461,0.3269230769,0.26,49.0677149133228,2.24982234290091,0.3076923076,16,52,16.1092,558.6,7393.189177,7.59,47.74680734,0.786,-0.227857694,0.141888097,-0.085204966
Pseudomonas aeruginosa,2012,CY,Cyprus,Southern,0.1538461538,0.1923076923,0.1538461538,0.1538461538,0.1,24.1543588791143,-0.34076969252901,0.173076923,9,52,25.0928,1943,28912.15694,6.69,44.02578771,0.852,1.251133919,1.391171932,1.099629998
Pseudomonas aeruginosa,2012,CZ,Czechia,Eastern,0.226993865,0.1513292433,0.2044989775,0.308793456,0.2638036809,36.4836431186796,0.941279402330494,0.2126789366,104,489,15.663,1387,19729.87051,7.03,15.29148817,0.865,0.272268176,0.928921938,1.041852593
Pseudomonas aeruginosa,2012,DE,Germany,Western,0.1055045871,0.107305936,0.0961098398,0.1958525345,0.1550925925,21.0375343966795,-0.664869772379412,0.0844748858,37,438,13.6955,4755,43858.36306,10.78,14.11986351,0.927,1.829577088,1.593369126,1.664947629
Pseudomonas aeruginosa,2012,DK,Denmark,Northern,0.0376344086,0.0366197183,0.0492307692,0.0411311053,0.0462724935,7.19084453789233,-2.10470487191348,0.0180412371,7,388,15.7027,6004,58507.50805,10.24,14.15904015,0.924,2.381078959,1.984567404,1.873899817
Pseudomonas aeruginosa,2012,EE,Estonia,Northern,0.25,0.125,0.1724137931,0.15625,0.1612903225,27.3018480699967,-0.013480971639475,0.0909090909,3,33,10.3479,1013,17534.42154,5.83,21.51741236,0.859,1.096038103,0.954537988,1.157106638
Pseudomonas aeruginosa,2012,EL,Greece,Southern,0.3865921787,0.4773980154,0.3103057757,0.443287037,0.3427561837,61.5682472393366,3.54967850992792,0.3984375,357,896,28.1955,1968,22242.68193,8.88,30.13835847,0.856,-0.189221814,0.319800168,0.426507235
Pseudomonas aeruginosa,2012,ES,Spain,Southern,0.162954279,0.1641266119,0.0893921334,0.2099056603,0.0670658682,21.7215671675275,-0.593741264212998,0.1078546307,92,853,15.6555,2589,28324.42934,9.07,22.84075618,0.873,1.128225803,1.120682478,1.064827085
Pseudomonas aeruginosa,2012,FI,Finland,Northern,0.0245398773,0.0611620795,0.0504731861,0.0795107033,0.076433121,9.77132351924735,-1.83637617755718,0.0458715596,15,327,17.983,4411,47710.79022,9.3,18.69531572,0.908,2.235261202,2.220477581,1.951503277
Pseudomonas aeruginosa,2012,FR,France,Western,0.2001627339,0.1800232288,0.140634723,0.2222867092,0.1985248924,29.7085267538236,0.23677526126629,0.1468369123,253,1723,24.0061,4652,40874.70351,11.32,10.10120213,0.878,1.455788136,1.340279341,1.454164147
Pseudomonas aeruginosa,2012,HR,Croatia,Southern,0.2806122448,0.2923076923,0.1322751322,0.2525773195,0.2422680412,37.4596537138323,1.04276895158375,0.233502538,46,197,18.2616,1030,13238.10193,7.79,11.47245094,0.82,0.009865428,0.706691682,0.245607689
Pseudomonas aeruginosa,2012,HU,Hungary,Eastern,0.2637540453,0.2746365105,0.1809210526,0.2233009708,0.1918032786,35.7287855577943,0.862786244586975,0.1760904684,109,619,12.996,961.1,12918.24752,7.47,29.39691842,0.826,0.356334448,0.628841758,0.615284204
Pseudomonas aeruginosa,2012,IE,Ireland,Northern,0.0976744186,0.1126760563,0.1428571428,0.1488372093,0.162037037,21.5525099019407,-0.611320525921438,0.1023255813,22,215,19.4568,5240,48917.89756,10.68,13.88725638,0.899,1.463657618,1.547128439,1.734316707
Pseudomonas aeruginosa,2012,IS,Iceland,Northern,0,0.1,0.1,0.1,0.1,13.5284941237812,-1.44569030486737,0.1,1,10,19.6668,3707,45910.02055,8.2,18.57059449,0.908,1.886239171,1.491027832,1.685005426
Pseudomonas aeruginosa,2012,IT,Italy,Southern,0.2992592592,0.2507331378,0.255389718,0.314074074,0.3012939001,44.8303375949342,1.80920262402176,0.2372093023,153,645,22.5146,3126,35053.52624,8.96,21.67975903,0.874,0.066174991,0.42067042,0.403319508
Pseudomonas aeruginosa,2012,LT,Lithuania,Northern,0.1428571428,0.1785714285,0.0714285714,0.1071428571,0.1071428571,19.2727054148611,-0.848383864094591,0.1428571428,4,28,13.2688,896.9,14339.28787,6.29,31.8008393,0.835,0.393993855,0.833409011,0.85041523
Pseudomonas aeruginosa,2012,LU,Luxembourg,Western,0.064516129,0.064516129,0.0322580645,0.193548387,0.1612903225,16.3692549889767,-1.1502964421605,0.064516129,2,31,23.1448,7097,106749.0136,6.57,10.4518801,0.892,2.122711658,1.672071934,1.7989043
Pseudomonas aeruginosa,2012,LV,Latvia,Northern,0.2222222222,0.1111111111,0.2222222222,0.2222222222,0.1764705882,30.3546450956075,0.303961272973104,0.1111111111,2,18,10.9601,745.5,13850.64282,5.42,37.82342374,0.825,0.245458975,0.838448524,0.785476744
Pseudomonas aeruginosa,2012,MT,Malta,Southern,0.0666666666,0.0333333333,0.0666666666,0,0.0666666666,7.9531904975103,-2.02543304002874,0,0,30,19.4984,1899,21916.41159,8.61,32.09076226,0.854,0.94321835,1.247961402,1.344981909
Pseudomonas aeruginosa,2012,NL,Netherlands,Western,0.0396039603,0.0327455919,0.0276381909,0.0607594936,0.0518134715,7.08557656713315,-2.11565106343662,0.0248756218,10,402,10.0884,5285,50073.00566,10.54,10.0906767,0.921,2.117599487,1.813399553,1.861233473
Pseudomonas aeruginosa,2012,NO,Norway,Northern,0.0203045685,0.0673076923,0.0643564356,0.0574162679,0.0707070707,9.52899631274048,-1.86157434557127,0.0334928229,7,209,16.5331,8970,101524.1419,8.77,14.80008215,0.942,2.256409407,1.909127474,1.958512545
Pseudomonas aeruginosa,2012,PL,Poland,Eastern,0.2732558139,0.226744186,0.226993865,0.2670454545,0.3,40.9075993595001,1.4013003560239,0.2146892655,38,177,19.8787,815.1,13145.53926,6.2,24.2740646,0.836,0.663234055,0.675630391,0.780411541
Pseudomonas aeruginosa,2012,PT,Portugal,Southern,0.1450511945,0.2042253521,0.1533219761,0.2555366269,0.1979522184,30.4266747966501,0.311451214094613,0.1805792163,106,587,18.7098,1919,20564.88986,9.35,28.17890942,0.829,0.96023792,1.035027623,1.065502048
Pseudomonas aeruginosa,2012,RO,Romania,Eastern,0.5111111111,0.5777777777,0.5128205128,0.5333333333,0.5,83.2347932295614,5.80265403841478,0.4888888888,22,45,25.9402,401.7,8535.046876,4.72,22.42794037,0.796,-0.263397515,-0.311950058,0.042129636
Pseudomonas aeruginosa,2012,SE,Sweden,Northern,0.017094017,0.0588235294,0.0644257703,0.0672268907,0.0590405904,9.08421729560687,-1.90782427583881,0.0336134453,12,357,13.7087,6274,58037.82132,10.93,15.4042542,0.908,2.312869072,1.957009554,1.951555252
Pseudomonas aeruginosa,2012,SI,Slovenia,Southern,0.0671641791,0.2164179104,0.0671641791,0.1492537313,0.0746268656,18.485675460427,-0.930222438102937,0.0746268656,10,134,11.783,1975,22643.10025,8.76,12.4599658,0.876,0.839746892,1.031650066,1.014998674
Pseudomonas aeruginosa,2012,SK,Slovakia,Eastern,0.4191919191,0.407821229,0.3506493506,0.5628140703,0.3846153846,66.540186587744,4.06668097474796,0.3919597989,78,199,17.8643,1320,17460.04681,7.63,23.23309034,0.841,0.096679017,0.83637917,0.492303193
Pseudomonas aeruginosa,2012,UK,United Kingdom,Northern,0.0224887556,0.0630182421,0.0394321766,0.048192771,0.0314465408,7.00152524279215,-2.12439106181765,0.0165165165,11,666,17.661,3493,42462.77157,8.29,9.715238214,0.897,1.674152732,1.547542214,1.718675971
Pseudomonas aeruginosa,2013,AT,Austria,Western,0.0744336569,0.1233766233,0.0953947368,0.1519699812,0.1331168831,18.6976817090489,-0.908177166547099,0.0826580226,51,617,14.1696,5234,50716.70871,10.29,19.17125136,0.896,1.55079484,1.588477135,1.851382136
Pseudomonas aeruginosa,2013,BE,Belgium,Western,0.1228501228,0.11003861,0.0936819172,0.1687242798,0.13225058,19.9682430812016,-0.776059030126449,0.1090534979,53,486,22.5706,4850,46744.66254,10.37,18.03226322,0.908,1.673882127,1.607339144,1.43843472
Pseudomonas aeruginosa,2013,BG,Bulgaria,Eastern,0.2,0.1355932203,0.125,0.1833333333,0.1355932203,24.5344027580183,-0.30125118508863,0.0833333333,5,60,17.2952,600.3,7651.817881,7.87,47.10148871,0.792,-0.267288208,0.157344475,-0.102405354
Pseudomonas aeruginosa,2013,CY,Cyprus,Southern,0.0425531914,0.1914893617,0.1276595744,0.1063829787,0.0851063829,18.3172592137882,-0.947735044055356,0.0425531914,2,47,23.9493,1920,27729.1927,6.9,43.09228957,0.854,1.245758176,1.366624117,1.036581397
Pseudomonas aeruginosa,2013,CZ,Czechia,Eastern,0.2577519379,0.1569767441,0.2286821705,0.3372093023,0.2751937984,39.5726474544715,1.26248663024162,0.2325581395,120,516,16.8961,1555,19916.01939,7.81,13.58585358,0.874,0.228798985,0.891820014,1.039771318
Pseudomonas aeruginosa,2013,DE,Germany,Western,0.0761904761,0.1539682539,0.101910828,0.1636661211,0.187599364,22.0661357708969,-0.557911620132847,0.092063492,58,630,14.4872,5094,46285.76407,10.93,13.27638924,0.927,1.813810706,1.542519927,1.649499655
Pseudomonas aeruginosa,2013,DK,Denmark,Northern,0.0490196078,0.0292682926,0.0308123249,0.031862745,0.0241545893,5.60176157972273,-2.26994417766654,0.0169082125,7,414,15.6578,6237,61191.1937,10.17,13.81007284,0.926,2.404900789,1.992455125,1.900482297
Pseudomonas aeruginosa,2013,EE,Estonia,Northern,0.1052631578,0.1,0,0.25,0.1176470588,17.6659838618325,-1.01545730264354,0,0,21,10.3255,1144,19174.10073,6.01,22.60502726,0.863,1.188760996,0.974775255,1.198479652
Pseudomonas aeruginosa,2013,EL,Greece,Southern,0.3869463869,0.4925883694,0.2791519434,0.4349355216,0.2989571263,59.2677038337747,3.31045865470544,0.3911525029,336,859,27.99,1834,21874.8195,8.41,33.68635774,0.858,-0.04531141,0.459202468,0.465021938
Pseudomonas aeruginosa,2013,ES,Spain,Southern,0.149090909,0.1757575757,0.0896969696,0.2266666666,0.0855745721,22.8232297378599,-0.479185911794178,0.1224242424,101,825,16.1563,2629,29059.54795,9.02,23.98318201,0.875,0.903092504,1.154522538,1.0205158
Pseudomonas aeruginosa,2013,FI,Finland,Northern,0.0305810397,0.1039755351,0.0496894409,0.1135646687,0.0856269113,12.5722203412912,-1.54512754010808,0.0458715596,15,327,16.9272,4307,49878.04324,8.67,19.33733374,0.916,2.202126265,2.174288273,1.936688185
Pseudomonas aeruginosa,2013,FR,France,Western,0.1604938271,0.1718582169,0.1150963597,0.2120236178,0.1542699724,25.7209673091682,-0.177867379570349,0.125200642,234,1869,24.1306,4900,42592.93409,11.44,9.928711504,0.882,1.329576135,1.48182869,1.426772714
Pseudomonas aeruginosa,2013,HR,Croatia,Southern,0.237704918,0.2531120331,0.1882845188,0.2166666666,0.2360515021,35.844474985833,0.874816101602182,0.1844262295,45,244,17.6101,889.9,13642.19366,6.52,8.831276745,0.825,0.12422023,0.701186359,0.291649491
Pseudomonas aeruginosa,2013,HU,Hungary,Eastern,0.2481089258,0.3023952095,0.2084592145,0.2338830584,0.1978691019,37.7107278719831,1.0688766631869,0.1874062968,125,667,13.3688,990.6,13687.2461,7.26,28.38487625,0.835,0.321602583,0.654968202,0.582692802
Pseudomonas aeruginosa,2013,IE,Ireland,Northern,0.1073170731,0.0931372549,0.0784313725,0.1219512195,0.1138613861,16.4883893114596,-1.13790837101718,0.0731707317,15,205,20.0484,5330,51590.18845,10.29,14.27645087,0.908,1.538591504,1.485335708,1.731722951
Pseudomonas aeruginosa,2013,IS,Iceland,Northern,0,0.0909090909,0,0,0,3.4249313186812,-2.49629983721694,0,0,11,19.4375,4031,49522.23659,8.22,18.25796515,0.92,1.912273526,1.490048647,1.662147522
Pseudomonas aeruginosa,2013,IT,Italy,Southern,0.2469635627,0.2588832487,0.2368421052,0.2871927554,0.3090185676,42.4746330920233,1.5642468936622,0.2428940568,188,774,23.3234,3196,35549.9747,8.95,21.76292092,0.873,0.05163566,0.458483517,0.402901322
Pseudomonas aeruginosa,2013,LT,Lithuania,Northern,0.1351351351,0.1891891891,0.081081081,0.1081081081,0.0857142857,19.0945268136796,-0.866911599357191,0.081081081,3,37,15.1148,958.9,15702.14306,6.14,32.82087147,0.84,0.426032931,0.831737101,0.836003721
Pseudomonas aeruginosa,2013,LU,Luxembourg,Western,0.2352941176,0.1764705882,0.1176470588,0.2058823529,0.1176470588,26.6033982986547,-0.086108618123626,0.0588235294,2,34,23.1353,6522,113625.1329,5.67,11.06899157,0.892,2.123356342,1.629902482,1.816298723
Pseudomonas aeruginosa,2013,LV,Latvia,Northern,0.2,0.28,0.24,0.24,0.2083333333,37.3722892402668,1.03368443847811,0.24,6,25,11.3423,807.1,15041.17446,5.4,38.47148418,0.834,0.328415573,0.889026761,0.767849863
Pseudomonas aeruginosa,2013,MT,Malta,Southern,0,0.16,0.08,0.08,0.2083333333,17.635151985107,-1.01866332651976,0.08,2,25,20.6661,2121,23837.27999,8.83,30.22222221,0.861,0.983500004,1.257873297,1.333084106
Pseudomonas aeruginosa,2013,NL,Netherlands,Western,0.0294117647,0.0346666666,0.037735849,0.0621621621,0.0656167979,7.72965174290688,-2.04867750843718,0.024,9,375,9.6108,5531,52184.06185,10.58,11.53488532,0.924,2.046001911,1.78395927,1.8350811
Pseudomonas aeruginosa,2013,NO,Norway,Northern,0.0154639175,0.0582524271,0.0621761658,0.087804878,0.0909090909,10.5728005004203,-1.7530353429801,0.0341463414,7,205,15.8313,9241,102913.4508,8.92,14.59419578,0.946,2.294474602,1.884966731,1.980009913
Pseudomonas aeruginosa,2013,PL,Poland,Eastern,0.237113402,0.3227513227,0.2244897959,0.2938144329,0.2363636363,41.6540596209896,1.47892032844048,0.1436170212,27,188,20.4971,878.1,13781.06261,6.38,23.80160242,0.851,0.596016347,0.722514808,0.819490671
Pseudomonas aeruginosa,2013,PT,Portugal,Southern,0.1424694708,0.2060027285,0.1546811397,0.2394557823,0.2413793103,31.3956053096947,0.412204547629117,0.119402985,88,737,16.0974,1959,21647.04181,9.09,26.9631058,0.837,0.950478137,1.230732441,1.058801651
Pseudomonas aeruginosa,2013,RO,Romania,Eastern,0.5125,0.6046511627,0.4375,0.4523809523,0.55,80.6262432785479,5.53140641052244,0.5,41,82,26.7645,495.2,9555.244217,5.19,20.17611563,0.8,-0.18797645,-0.074424632,0.125015959
Pseudomonas aeruginosa,2013,SE,Sweden,Northern,0.0289017341,0.0715667311,0.0677966101,0.0602636534,0.0734463276,10.1934530300458,-1.79248143503062,0.0414312617,22,531,12.65,6723,61126.9432,11.09,15.53537697,0.927,2.29162097,1.909026146,1.972878098
Pseudomonas aeruginosa,2013,SI,Slovenia,Southern,0.0601503759,0.2556390977,0.1353383458,0.1127819548,0.1353383458,22.935793256143,-0.46748109958246,0.1127819548,15,133,11.907,2055,23496.60231,8.79,12.45486438,0.884,0.729321599,1.013162732,1.000792265
Pseudomonas aeruginosa,2013,SK,Slovakia,Eastern,0.3859649122,0.5887850467,0.3087719298,0.5314685314,0.4150943396,69.9876768462731,4.42516502618223,0.3614035087,103,285,21.13,1370,18236.98079,7.53,23.32164943,0.844,0.083146036,0.789134204,0.478546321
Pseudomonas aeruginosa,2013,UK,United Kingdom,Northern,0.0237762237,0.0521609538,0.0374100719,0.0576652601,0.0476900149,7.41658220888321,-2.08123175124027,0.0239099859,17,711,18.3145,4208,43444.533,9.77,15.03525972,0.914,1.699135184,1.495450616,1.705037713
Pseudomonas aeruginosa,2014,AT,Austria,Western,0.065830721,0.1273584905,0.0871632329,0.1085141903,0.1179245283,16.5297020492121,-1.13361250460574,0.0705329153,45,638,12.0866,5386,51717.49594,10.37,19.09817606,0.904,1.474734902,1.572585702,1.952464104
Pseudomonas aeruginosa,2014,BE,Belgium,Western,0.0852713178,0.101744186,0.0886075949,0.1262135922,0.0952380952,16.068278611723,-1.18159318936289,0.0841750841,25,297,22.3619,4944,47700.54036,10.41,17.49034077,0.91,1.573291898,1.381594181,1.52343905
Pseudomonas aeruginosa,2014,BG,Bulgaria,Eastern,0.3181818181,0.2916666666,0.2978723404,0.2708333333,0.3125,47.2948919727974,2.06547700686323,0.2916666666,14,48,18.6023,666.4,7874.260904,8.5,45.8127737,0.797,-0.246874854,0.0787379,-0.046017233
Pseudomonas aeruginosa,2014,CY,Cyprus,Southern,0.0952380952,0.3333333333,0.238095238,0.1666666666,0.1666666666,32.7092387684744,0.548801494709073,0.1428571428,6,42,22.1873,1846,27129.62612,6.78,44.73412633,0.856,1.075781465,1.140383601,1.077018499
Pseudomonas aeruginosa,2014,CZ,Czechia,Eastern,0.2062780269,0.140625,0.2152466367,0.3266219239,0.2307692307,35.4331157348778,0.832041294476168,0.2017937219,90,446,17.1151,1513,19744.55861,7.65,14.08199221,0.879,0.36779505,1.017592907,1.15218091
Pseudomonas aeruginosa,2014,DE,Germany,Western,0.0590979782,0.1697819314,0.0987460815,0.1300160513,0.1744548286,20.588459321049,-0.711566424273319,0.0886469673,57,643,13.3729,5291,47959.99327,10.96,12.86283284,0.93,1.838379741,1.731391549,1.856834173
Pseudomonas aeruginosa,2014,DK,Denmark,Northern,0.0231958762,0.0466321243,0.0388601036,0.0360824742,0.0438144329,6.51888765140776,-2.17457768053424,0.0154639175,6,388,15.1744,6381,62548.98473,10.17,13.77456188,0.928,2.247260332,1.819007277,2.096355438
Pseudomonas aeruginosa,2014,EE,Estonia,Northern,0.075,0.1538461538,0.0714285714,0.1025641025,0.1025641025,16.3794918336963,-1.14923197343287,0,0,40,10.2215,1237,20367.10266,6.12,22.62244374,0.865,1.303455591,1.016679525,1.372891307
Pseudomonas aeruginosa,2014,EL,Greece,Southern,0.3579881656,0.4291845493,0.2665639445,0.3772189349,0.3138138138,54.7878271456745,2.84462286558233,0.3608247422,245,679,29.1725,1725,21760.9798,7.95,36.63310707,0.866,-0.122388072,0.398586392,0.36259988
Pseudomonas aeruginosa,2014,ES,Spain,Southern,0.1649484536,0.1846330275,0.0960648148,0.246277205,0.0781609195,24.1004946975538,-0.346370709090321,0.1237113402,108,873,17.0698,2671,29461.55033,9.02,24.36438203,0.88,0.629841745,1.1597054,0.952644229
Pseudomonas aeruginosa,2014,FI,Finland,Northern,0.0229508196,0.0716612377,0.0618892508,0.1003460207,0.0686274509,10.8406034544613,-1.72518810317625,0.0392156862,12,306,16.5944,4740,50260.29986,9.49,18.92360151,0.918,2.165774584,1.998275638,2.100273371
Pseudomonas aeruginosa,2014,FR,France,Western,0.1573288058,0.1870786516,0.120359955,0.2062956717,0.1704991587,26.6725654883025,-0.078916332573313,0.1322869955,236,1784,23.1241,4988,43011.2631,11.57,9.845147282,0.887,1.314697027,1.403170347,1.474639177
Pseudomonas aeruginosa,2014,HR,Croatia,Southern,0.3506493506,0.3534482758,0.2422907488,0.3,0.2453703703,46.8028009431625,2.01430738120829,0.3146551724,73,232,17.7681,909.4,13600.19439,6.7,11.2752825,0.827,0.219041422,0.692963302,0.319685102
Pseudomonas aeruginosa,2014,HU,Hungary,Eastern,0.2105263157,0.3346774193,0.2408660351,0.2462987886,0.2350543478,40.4865478768394,1.35751771124537,0.2171581769,162,746,14.0211,1006,14246.1098,7.09,28.36090922,0.833,0.164560184,0.533443689,0.501931071
Pseudomonas aeruginosa,2014,IE,Ireland,Northern,0.0561797752,0.0847457627,0.08,0.0842696629,0.1123595505,13.7531694540856,-1.42232765069725,0.0561797752,10,178,19.5123,5392,55492.98268,9.65,14.03183043,0.92,1.604880452,1.597104549,1.779152513
Pseudomonas aeruginosa,2014,IS,Iceland,Northern,0,0.0909090909,0.0909090909,0,0.0909090909,9.68029202723209,-1.84584200214799,0,0,11,17.1125,4476,54241.93466,8.28,17.98097789,0.924,1.827839136,1.491399884,1.708532214
Pseudomonas aeruginosa,2014,IT,Italy,Southern,0.2315340909,0.2509960159,0.2489019033,0.2828146143,0.3148688046,42.3092000277956,1.54704449114379,0.2292225201,171,746,22.6266,3190,35518.41529,9.01,22.13684618,0.874,-0.029641563,0.374144018,0.37739116
Pseudomonas aeruginosa,2014,LT,Lithuania,Northern,0.2666666666,0.2903225806,0.1666666666,0.2580645161,0.3225806451,41.0330479837184,1.41434501392986,0.2580645161,8,31,13.126,1021,16548.40641,6.2,31.49276078,0.852,0.558858037,0.982653379,0.939177334
Pseudomonas aeruginosa,2014,LU,Luxembourg,Western,0.0769230769,0.0476190476,0.0243902439,0.0975609756,0.1081081081,11.3412289105858,-1.67313103316172,0.0487804878,2,41,21.5989,6681,118823.6484,5.56,11.05491295,0.895,2.073182344,1.65443325,1.906487703
Pseudomonas aeruginosa,2014,LV,Latvia,Northern,0.0555555555,0.1666666666,0.224469496348178,0.1666666666,0.213203005343639,27.3091773264446,-0.012718845759948,0.1111111111,2,18,10.624,855.6,15740.32675,5.47,39.10600841,0.836,0.415365428,0.958550274,0.872382939
Pseudomonas aeruginosa,2014,MT,Malta,Southern,0.1111111111,0.1388888888,0.0277777777,0.0277777777,0.0833333333,12.4609137928892,-1.55670164748187,0.0555555555,2,36,20.4509,2462,26008.82772,9.37,36.38644814,0.868,0.851744354,1.028361678,1.193639755
Pseudomonas aeruginosa,2014,NL,Netherlands,Western,0.0294117647,0.044198895,0.0486891385,0.066543438,0.0811320754,9.06469479105792,-1.90985430522252,0.0276752767,15,542,9.4164,5594,52830.17423,10.57,11.58756539,0.925,1.990493894,1.817106485,1.980402589
Pseudomonas aeruginosa,2014,NO,Norway,Northern,0.0125,0.05859375,0.0517928286,0.0311284046,0.0787401574,8.07083021151037,-2.01320038435118,0.0155642023,4,257,15.5436,9118,97019.18275,9.33,14.37853277,0.945,2.226565599,1.828457475,2.029048204
Pseudomonas aeruginosa,2014,PL,Poland,Eastern,0.3189189189,0.2756756756,0.2185792349,0.3532608695,0.3243243243,46.7056541873728,2.00420566663113,0.2673796791,50,187,19.8834,911.3,14347.91458,6.35,23.01104367,0.853,0.635148048,0.827383578,0.840595961
Pseudomonas aeruginosa,2014,PT,Portugal,Southern,0.1757518796,0.2246240601,0.219604147,0.2627118644,0.2846371347,37.3335476424907,1.02965592965333,0.2058270676,219,1064,16.5963,1987,22074.30076,9.02,27.70278156,0.84,0.947626293,0.988590837,1.137530565
Pseudomonas aeruginosa,2014,RO,Romania,Eastern,0.6344086021,0.5851063829,0.5909090909,0.554347826,0.6222222222,94.1888763351805,6.94170412905247,0.5957446808,56,94,26.6204,503.3,10026.97358,5.03,20.31369954,0.803,-0.112616196,-0.025993757,0.165362
Pseudomonas aeruginosa,2014,SE,Sweden,Northern,0.0063897763,0.0710784313,0.0554272517,0.0769230769,0.0474777448,8.77238975136074,-1.94024937149604,0.0160550458,7,436,12.4811,6628,60020.36046,11.13,15.51090479,0.929,2.153375149,1.803889275,1.992006302
Pseudomonas aeruginosa,2014,SI,Slovenia,Southern,0.0892857142,0.3125,0.2053571428,0.2232142857,0.2589285714,35.324868674387,0.820785325092478,0.1875,21,112,11.6207,2060,24214.92207,8.51,12.98344582,0.886,0.726776481,1.005159855,1.001514196
Pseudomonas aeruginosa,2014,SK,Slovakia,Eastern,0.3695652173,0.384,0.295019157,0.4545454545,0.3605947955,58.4662954425983,3.22712495239502,0.3731343283,100,268,18.8789,1288,18670.93017,6.91,18.00793111,0.845,0.162737191,0.876235783,0.496026099
Pseudomonas aeruginosa,2014,UK,United Kingdom,Northern,0.0171606864,0.0627118644,0.0459183673,0.054054054,0.0475409836,7.77742587289754,-2.04370976019469,0.0159489633,10,627,18.5446,4601,47425.60768,9.76,14.97426927,0.918,1.738477588,1.626729727,1.889571428
Pseudomonas aeruginosa,2015,AT,Austria,Western,0.0634218289,0.1220588235,0.0987868284,0.1031866464,0.1185185185,16.5825992601476,-1.12811203758084,0.0676470588,46,680,12.0588,4611,44178.04738,10.37,19.09111291,0.906,1.519275665,1.47912693,1.855246663
Pseudomonas aeruginosa,2015,BE,Belgium,Western,0.0596330275,0.0390625,0.0619469026,0.1111111111,0.0796812749,11.4534363146331,-1.66146325115587,0.0461538461,12,260,22.751,4171,40991.80814,10.28,17.53991246,0.913,1.57330668,1.438440561,1.463494301
Pseudomonas aeruginosa,2015,BG,Bulgaria,Eastern,0.2765957446,0.2545454545,0.2692307692,0.3636363636,0.2727272727,45.3803997915631,1.86640032727866,0.2909090909,16,55,18.8214,572,7053.603706,8.2,47.66826928,0.807,-0.264645517,0.208683118,-0.097004414
Pseudomonas aeruginosa,2015,CY,Cyprus,Southern,0,0.2093023255,0.0465116279,0.1162790697,0.0465116279,13.8289152368582,-1.41445129629127,0.0232558139,1,43,26.593,1582,23333.71491,6.81,44.32916045,0.864,1.007443786,1.048619509,1.039910555
Pseudomonas aeruginosa,2015,CZ,Czechia,Eastern,0.2133620689,0.1056034482,0.1961206896,0.2995689655,0.252699784,33.7176248268705,0.653657576239497,0.1896551724,88,464,17.3704,1284,17715.61685,7.24,14.82839435,0.882,0.433735937,1.046509385,1.148088455
Pseudomonas aeruginosa,2015,DE,Germany,Western,0.0714285714,0.1472708547,0.0888429752,0.143298969,0.1748971193,20.2394464504401,-0.747858201327381,0.079299691,77,971,13.1123,4617,41139.54457,11.09,12.98534572,0.933,1.837888479,1.736830235,1.794997096
Pseudomonas aeruginosa,2015,DK,Denmark,Northern,0.0226757369,0.0457665903,0.0364464692,0.05,0.0408163265,6.7002006170556,-2.15572402131296,0.0226757369,10,441,15.3071,5469,53254.856,10.23,13.67477924,0.926,2.211076021,1.847928524,2.042371035
Pseudomonas aeruginosa,2015,EE,Estonia,Northern,0.0588235294,0.125,0.1705531958215,0,0.0625,14.3391043248485,-1.36139976095832,0,0,15,10.5025,1112,17522.23019,6.39,22.78413773,0.871,1.293648124,1.067977548,1.331910014
Pseudomonas aeruginosa,2015,EL,Greece,Southern,0.2638680659,0.4044444444,0.1939393939,0.341389728,0.2225705329,44.8235081591476,1.80849247152642,0.2837837837,189,666,31.2566,1465,18167.77372,8.09,36.42956913,0.868,-0.076613776,0.256060988,0.267145306
Pseudomonas aeruginosa,2015,ES,Spain,Southern,0.1642129105,0.2270642201,0.1041666666,0.2304199772,0.0907003444,25.6769467281651,-0.182444818530603,0.1418764302,124,874,17.4888,2352,25732.01836,9.11,23.78713787,0.885,0.583900213,1.174035192,0.901592016
Pseudomonas aeruginosa,2015,FI,Finland,Northern,0.0175953079,0.0469208211,0.0688622754,0.0894039735,0.072072072,9.94910251855115,-1.81788999452224,0.0469208211,16,341,15.7626,4122,42784.69836,9.7,19.77814883,0.919,2.275324106,1.81301105,2.063105345
Pseudomonas aeruginosa,2015,FR,France,Western,0.1405128205,0.1641558441,0.1162063574,0.1908200103,0.1613577023,24.5865483550157,-0.295828873936383,0.1201030927,233,1940,23.792,4204,36638.18493,11.46,9.70665291,0.888,1.305665612,1.436796069,1.413305163
Pseudomonas aeruginosa,2015,HR,Croatia,Southern,0.33984375,0.3852140077,0.1854838709,0.3515625,0.2449799196,46.9566023394659,2.03030027561217,0.280155642,72,257,18.0325,795.5,11782.89908,6.79,10.94434559,0.83,0.24522607,0.513849258,0.200354069
Pseudomonas aeruginosa,2015,HU,Hungary,Eastern,0.2049608355,0.3584415584,0.242463958,0.2470741222,0.2690763052,42.2792921633922,1.54393454982502,0.209090909,161,770,14.697,870.5,12651.56834,6.97,27.48836577,0.835,0.148635432,0.497252017,0.399935961
Pseudomonas aeruginosa,2015,IE,Ireland,Northern,0.041025641,0.0923076923,0.0717948717,0.0979381443,0.0923076923,13.0428195267438,-1.49619272377746,0.0512820512,10,195,21.2936,4565,61995.42278,7.34,13.24400157,0.926,1.615371466,1.533082247,1.774898171
Pseudomonas aeruginosa,2015,IS,Iceland,Northern,0,0,0,0.0833333333,0,2.95352402806634,-2.54531868360734,0,0,12,17.5867,4282,52564.42919,8.15,17.63640493,0.927,1.939109683,1.492079139,1.66732955
Pseudomonas aeruginosa,2015,IT,Italy,Southern,0.1723809523,0.23012939,0.2172284644,0.2462962962,0.2951582867,37.1916630934249,1.01490219746825,0.1996303142,216,1082,22.3836,2709,30230.2263,8.99,23.13825786,0.875,0.016264148,0.447952747,0.275050968
Pseudomonas aeruginosa,2015,LT,Lithuania,Northern,0.243902439,0.2682926829,0.1951219512,0.2682926829,0.2926829268,40.0895293322671,1.3162341090653,0.243902439,10,41,13.636,920.2,14249.11497,6.48,31.83712065,0.855,0.617654681,1.184934258,1.008047462
Pseudomonas aeruginosa,2015,LU,Luxembourg,Western,0.0357142857,0.0833333333,0.0714285714,0.1785714285,0,11.9810272851651,-1.60660219733606,0.0357142857,1,28,21.8471,5567,101376.4966,5.48,10.61571091,0.899,2.09668684,1.72407794,1.874648809
Pseudomonas aeruginosa,2015,LV,Latvia,Northern,0.0909090909,0.1538461538,0.2307692307,0.2307692307,0.2307692307,30.5221008665955,0.32137400476294,0.1538461538,2,13,11.1386,775.6,13698.93795,5.71,40.53730965,0.842,0.468176097,1.08944416,0.794590116
Pseudomonas aeruginosa,2015,MT,Malta,Southern,0.16,0.16,0.08,0.12,0.16,21.5341081022062,-0.613234019862768,0.12,3,25,18.7583,2250,24002.52329,9.24,37.10762262,0.877,0.900374472,0.850428402,1.135585546
Pseudomonas aeruginosa,2015,NL,Netherlands,Western,0.0278884462,0.04,0.0438247011,0.0577689243,0.0647773279,7.92616322316024,-2.02824344588391,0.0278884462,14,502,9.4898,4675,45175.23189,10.32,11.28642857,0.927,1.884297013,1.832506895,1.944192171
Pseudomonas aeruginosa,2015,NO,Norway,Northern,0.00913242,0.0570175438,0.0555555555,0.052173913,0.0572687224,7.99068121391382,-2.02153460293402,0.0130434782,3,230,15.4323,7566,74355.51586,10.11,14.14276958,0.948,2.242803812,1.864499331,2.011147022
Pseudomonas aeruginosa,2015,PL,Poland,Eastern,0.3062015503,0.3700787401,0.2779922779,0.3618677042,0.3775100401,53.5302266788084,2.71385245678061,0.2961538461,77,260,22.8069,804,12572.4266,6.4,23.31281453,0.858,0.669521451,0.798782945,0.802058518
Pseudomonas aeruginosa,2015,PT,Portugal,Southern,0.1351805205,0.1981528127,0.1915611814,0.2270042194,0.2448979591,32.0435978351775,0.479585444575674,0.1694772344,201,1186,17.3372,1725,19242.36647,8.97,27.72781551,0.843,0.964724958,1.220341086,1.146594763
Pseudomonas aeruginosa,2015,RO,Romania,Eastern,0.6333333333,0.6630434782,0.6588235294,0.6195652173,0.5897435897,100,7.54596839045141,0.6304347826,58,92,28.0473,442.2,8977.437382,4.94,21.28169239,0.806,-0.017646439,-0.056130581,0.157543659
Pseudomonas aeruginosa,2015,SE,Sweden,Northern,0.0129198966,0.0653266331,0.0448548812,0.0471204188,0.0576441102,7.83190814398889,-2.03804447217137,0.0259067357,10,386,11.9241,5623,51545.48361,11,15.48625827,0.932,2.241128206,1.815902472,2.037792206
Pseudomonas aeruginosa,2015,SI,Slovenia,Southern,0.0921985815,0.1560283687,0.0992907801,0.1418439716,0.0992907801,18.9730877710724,-0.879539324667924,0.0709219858,10,141,11.855,1775,20881.76677,8.5,12.49877736,0.886,0.772998154,0.972418487,0.974570155
Pseudomonas aeruginosa,2015,SK,Slovakia,Eastern,0.4187725631,0.5190839694,0.3481781376,0.5215827338,0.4241245136,70.0730352055575,4.4340409353699,0.4074074074,110,270,21.9847,1108,16309.07324,6.85,18.44357401,0.849,0.177861556,0.837723374,0.503806651
Pseudomonas aeruginosa,2015,UK,United Kingdom,Northern,0.0519480519,0.0240480961,0.0614406779,0.0881226053,0.1034482758,10.8416497749254,-1.72507930252101,0.0379241516,19,501,17.8977,4326,44974.83188,9.69,15.12357891,0.916,1.876371026,1.743744612,1.813059926
Pseudomonas aeruginosa,2016,AT,Austria,Western,0.0606936416,0.1293103448,0.1130573248,0.0720461095,0.1378809869,16.9755606599121,-1.08725031381052,0.0674318507,47,697,11.4237,4719,45237.80509,10.42,19.30112839,0.909,1.548537016,1.511904955,1.814966559
Pseudomonas aeruginosa,2016,BE,Belgium,Western,0.1100917431,0.0958904109,0.078125,0.1448087431,0.0974842767,16.780771740662,-1.10750525746831,0.06284153,23,366,22.531,4279,41998.33575,10.3,17.86475033,0.915,1.638705134,1.326213479,1.390964746
Pseudomonas aeruginosa,2016,BG,Bulgaria,Eastern,0.4871794871,0.3035714285,0.3888888888,0.3571428571,0.4,60.8845851438801,3.47858854609555,0.3571428571,20,56,17.6417,612.5,7545.790332,8.23,47.95404673,0.812,-0.168443292,0.295897067,-0.061471604
Pseudomonas aeruginosa,2016,CY,Cyprus,Southern,0.046875,0.1875,0.109375,0.203125,0.125,21.7622400077787,-0.589511936944994,0.046875,3,64,28.3696,1637,24532.51906,6.79,45.2442795,0.869,0.826646328,0.960943103,0.721343994
Pseudomonas aeruginosa,2016,CZ,Czechia,Eastern,0.1875,0.0883620689,0.1918103448,0.3469827586,0.2532751091,33.7229266444401,0.654208880782748,0.1961206896,91,464,17.1534541782332,1322,18463.38658,7.15,15.02381265,0.885,0.536757231,1.036739469,1.035501719
Pseudomonas aeruginosa,2016,DE,Germany,Western,0.0675580577,0.1448663853,0.1006333567,0.1236823612,0.1721714687,19.8259796815098,-0.790852156739691,0.0758959943,108,1423,12.8394,4734,42098.92045,11.13,12.88281828,0.936,1.843417764,1.734568119,1.622016311
Pseudomonas aeruginosa,2016,DK,Denmark,Northern,0.0173913043,0.0240174672,0.0447427293,0.0369565217,0.0347826086,5.58700196331682,-2.27147894257957,0.0130434782,6,460,15.1637,5566,54663.99837,10.18,13.71238232,0.928,2.23059082,1.876053929,1.912385345
Pseudomonas aeruginosa,2016,EE,Estonia,Northern,0.074074074,0.2037037037,0.1764705882,0.0357142857,0.1698113207,22.0002223154401,-0.564765569175254,0.0357142857,2,56,10.3826,1185,18237.29584,6.5,22.72888422,0.875,1.272345304,1.090856671,1.226358056
Pseudomonas aeruginosa,2016,EL,Greece,Southern,0.2796005706,0.4206008583,0.3362068965,0.3461538461,0.2832369942,53.0558546937471,2.66452532940991,0.3162393162,222,702,30.9553,1499,18116.45962,8.28,34.60354507,0.866,-0.092085712,0.226677805,0.107345834
Pseudomonas aeruginosa,2016,ES,Spain,Southern,0.153024911,0.213776722,0.1016746411,0.2301304863,0.094247246,24.966310387813,-0.256339673999908,0.1447212336,122,843,25.6276,2391,26505.34322,8.97,23.93914312,0.888,0.515630543,1.115842104,0.978824794
Pseudomonas aeruginosa,2016,FI,Finland,Northern,0.0227272727,0.0596590909,0.0539772727,0.0787671232,0.094017094,10.3487314967104,-1.77633494884615,0.034090909,12,352,15.0338,4095,43784.28396,9.43,20.49999535,0.922,2.239527702,1.828907728,2.015213728
Pseudomonas aeruginosa,2016,FR,France,Western,0.1067813765,0.1559959349,0.112985685,0.135971588,0.1736465781,22.0926827263181,-0.555151159792425,0.1069979716,211,1972,23.8742,4257,37037.37419,11.48,9.551420808,0.887,1.400143027,1.405252218,1.413081884
Pseudomonas aeruginosa,2016,HR,Croatia,Southern,0.3346153846,0.423076923,0.2083333333,0.3745173745,0.1865079365,47.6482435408087,2.10221993931038,0.3192307692,83,260,17.0664,840.9,12360.48382,6.83,10.97398251,0.832,0.20333077,0.494286805,0.409176141
Pseudomonas aeruginosa,2016,HU,Hungary,Eastern,0.1756756756,0.3328822733,0.206802721,0.2432065217,0.2361111111,38.1950796136093,1.11924152621381,0.1905405405,141,740,13.3326,914.6,12992.37567,7.13,27.71828771,0.838,0.097243495,0.464301646,0.423058361
Pseudomonas aeruginosa,2016,IE,Ireland,Northern,0.1028806584,0.061728395,0.1069958847,0.1193415637,0.1275720164,16.7718256798971,-1.10843550523318,0.086419753,21,243,20.3775,4721,63197.08237,7.38,12.77513355,0.936,1.58335638,1.331620812,1.517243624
Pseudomonas aeruginosa,2016,IS,Iceland,Northern,0,0.0588235294,0,0.1764705882,0,7.56922009630305,-2.06535984321986,0,0,17,18.1668,5064,61466.80397,8.13,16.86918437,0.932,1.949493647,1.385732055,1.51954484
Pseudomonas aeruginosa,2016,IT,Italy,Southern,0.1911886949,0.2346600331,0.2301724137,0.2469982847,0.3068875326,38.7129201462274,1.17308868986294,0.2014925373,243,1206,21.8364,2736,30939.71425,8.88,22.92509377,0.878,0.084406801,0.534770429,0.329159915
Pseudomonas aeruginosa,2016,LT,Lithuania,Northern,0.1486486486,0.1621621621,0.1081081081,0.1506849315,0.1351351351,22.4214788072051,-0.520961606716687,0.1081081081,8,74,13.5114,988.5,14999.47964,6.64,32.31704831,0.86,0.713836074,1.070065498,1.029358149
Pseudomonas aeruginosa,2016,LU,Luxembourg,Western,0.15,0.064516129,0.05,0.125,0.125,16.1261227301738,-1.17557832278493,0.025,1,40,21.3645,5596,104278.391,5.47,10.49742699,0.904,2.096853733,1.692345738,1.760356069
Pseudomonas aeruginosa,2016,LV,Latvia,Northern,0.2,0.3125,0.2666666666,0.3125,0.2666666666,43.3971339194935,1.66017227974991,0.1875,3,16,11.0567,874.2,14153.41492,6.21,43.44228208,0.845,0.431138307,1.005264163,0.958982587
Pseudomonas aeruginosa,2016,MT,Malta,Southern,0.075,0.125,0.075,0.1,0.125,16.2348163522243,-1.16427591811495,0.05,2,40,18.3857,2328,25133.04565,9.17,35.02109647,0.881,0.721244872,0.9557845,0.997758865
Pseudomonas aeruginosa,2016,NL,Netherlands,Western,0.0277264325,0.0368324125,0.0331491712,0.0607734806,0.0403846153,6.73065296622404,-2.15255746225493,0.0257826887,14,543,9.2481,4753,46007.85292,10.3,11.30024791,0.929,1.913111448,1.833539486,1.894409895
Pseudomonas aeruginosa,2016,NO,Norway,Northern,0.0093896713,0.0666666666,0.0714285714,0.0572687224,0.0744186046,9.58967735295692,-1.85526448433577,0.026431718,6,227,14.8937,7497,70459.1825,10.52,14.27099854,0.951,2.196582556,1.86937499,2.036334038
Pseudomonas aeruginosa,2016,PL,Poland,Eastern,0.2561307901,0.2619647355,0.1945137157,0.31,0.3002544529,41.6593333387918,1.47946871105568,0.2059553349,83,403,20.7318,813.5,12431.81589,6.54,23.08046073,0.864,0.739105165,0.706566393,0.636217952
Pseudomonas aeruginosa,2016,PT,Portugal,Southern,0.1162601626,0.1915240423,0.1799674267,0.2013039934,0.2268292682,29.5637988309826,0.221725863517493,0.1479674796,182,1230,17.5384,1803,19978.40121,9.04,27.79162228,0.846,0.92550689,1.209820509,1.097241998
Pseudomonas aeruginosa,2016,RO,Romania,Eastern,0.5057471264,0.5161290322,0.4418604651,0.5168539325,0.488372093,77.6658399890195,5.2235716421764,0.4888888888,44,90,24.4245,476.2,9567.129345,4.99,20.75504959,0.808,-0.018714854,-0.169035584,0.360988885
Pseudomonas aeruginosa,2016,SE,Sweden,Northern,0.008492569,0.1101694915,0.0739957716,0.0597014925,0.0741525423,11.1165617666323,-1.6964928360818,0.0529661016,25,472,11.6734,5707,51965.15715,10.98,15.33536315,0.934,2.191839695,1.773643494,2.01903367
Pseudomonas aeruginosa,2016,SI,Slovenia,Southern,0.1328671328,0.1958041958,0.1748251748,0.2027972027,0.1958041958,28.9998515547997,0.163084333244502,0.1538461538,22,143,10.6526,1834,21622.58068,8.48,12.00222373,0.892,0.822988153,1.127258778,1.082672358
Pseudomonas aeruginosa,2016,SK,Slovakia,Eastern,0.3298429319,0.423076923,0.3109756097,0.4736842105,0.369047619,60.0709489000498,3.39398334195888,0.3387978142,62,183,21.3015,1175,16505.97505,7.1,17.88825244,0.851,0.229155883,0.894068122,0.646801531
Pseudomonas aeruginosa,2016,UK,United Kingdom,Northern,0.0359813084,0.0512333965,0.043047996,0.0689004247,0.0598332515,8.64135687307517,-1.9538747028404,0.0248709526,53,2131,17.452,3945,41064.13343,9.7,15.49326032,0.918,1.898976684,1.60161829,1.691506982
Pseudomonas aeruginosa,2017,AT,Austria,Western,0.050209205,0.1393103448,0.0870967741,0.1234396671,0.1345353675,17.4658663879338,-1.03626633107473,0.0704419889,51,724,11.9188,4940,47549.07904,10.4,19.2032665,0.912,1.526028633,1.461260676,1.81247282
Pseudomonas aeruginosa,2017,BE,Belgium,Western,0.0769230769,0.082278481,0.071925754,0.1046511627,0.104783599,14.2879310481593,-1.36672096629235,0.0660592255,29,439,21.1439,4507,44288.50804,10.34,17.63822287,0.917,1.497134089,1.181692719,1.3434273
Pseudomonas aeruginosa,2017,BG,Bulgaria,Eastern,0.2816901408,0.2535211267,0.3802816901,0.2816901408,0.3333333333,49.0937309057462,2.2525275915504,0.2676056338,19,71,18.9446,663.7,8331.058025,8.1,46.55256867,0.813,-0.161115259,0.260194153,-0.040922999
Pseudomonas aeruginosa,2017,CY,Cyprus,Southern,0.0188679245,0.1698113207,0.1320754716,0.0566037735,0.1698113207,18.4260316866497,-0.9364244401575,0.0943396226,5,53,28.8781,1732,26338.69434,6.68,44.63203549,0.871,0.782737195,0.919977784,0.884949744
Pseudomonas aeruginosa,2017,CZ,Czechia,Eastern,0.1435523114,0.1484184914,0.1338199513,0.301703163,0.2298288508,30.2687162081343,0.295026037945126,0.1727493917,71,411,17.1002674854297,1476,20379.89604,7.23,14.80910182,0.888,0.567682743,1.005324841,1.116695046
Pseudomonas aeruginosa,2017,DE,Germany,Western,0.0476190476,0.1257928118,0.0982474774,0.1387862796,0.1546174142,18.4687848609889,-0.931978791294288,0.069656992,132,1895,12.3406,5033,44349.58966,11.25,12.67291903,0.938,1.841110229,1.71929121,1.608338714
Pseudomonas aeruginosa,2017,DK,Denmark,Northern,0.0103305785,0.0247933884,0.0347071583,0.0495867768,0.0289256198,5.23732903015778,-2.30783935562081,0.0041322314,2,484,14.3332,5800,57141.05984,10.11,13.73846531,0.929,2.193403959,1.79694283,1.863845944
Pseudomonas aeruginosa,2017,EE,Estonia,Northern,0.0535714285,0.0909090909,0.0851063829,0.125,0.1454545454,16.3302738858535,-1.15434985572487,0.0877192982,5,57,9.9409,1300,20388.20955,6.43,23.66462499,0.879,1.242426515,1.109356642,1.281881213
Pseudomonas aeruginosa,2017,EL,Greece,Southern,0.3018404907,0.3934226552,0.2493857493,0.3529411764,0.2964329643,50.2365607913814,2.37136368876318,0.3235294117,264,816,32.1485,1517,18930.21859,8.04,34.75020826,0.871,-0.138348609,0.313373446,0.083919302
Pseudomonas aeruginosa,2017,ES,Spain,Southern,0.1238425925,0.1835075493,0.096287703,0.1993087557,0.0835380835,21.7678984974066,-0.588923544191225,0.1089223638,94,863,25.0078,2506,28170.43457,8.87,23.56579006,0.891,0.491772741,1.033853531,1.008470416
Pseudomonas aeruginosa,2017,FI,Finland,Northern,0.0185185185,0.0610079575,0.0608465608,0.1123595505,0.0636604774,10.533955670475,-1.75707458630548,0.0343915343,13,378,13.5916,4206,46316.74546,9.21,20.22742331,0.924,2.215836048,1.936856508,2.027072906
Pseudomonas aeruginosa,2017,FR,France,Western,0.108581436,0.1391812865,0.1218112244,0.1509654768,0.1917159763,22.947329150515,-0.466281550391227,0.1064950263,182,1709,22.9691,4380,38812.16103,11.31,9.384219348,0.89,1.25949657,1.352089524,1.438317537
Pseudomonas aeruginosa,2017,HR,Croatia,Southern,0.2658227848,0.306722689,0.1948051948,0.329113924,0.1623931623,39.4711503337646,1.25193254703575,0.2142857142,51,238,16.8271,902.1,13412.33829,6.79,10.97325161,0.835,0.186701789,0.571306348,0.334248334
Pseudomonas aeruginosa,2017,HU,Hungary,Eastern,0.1457765667,0.3656207366,0.2386831275,0.2336065573,0.2427184466,39.5390730543059,1.25899542762949,0.1809523809,133,735,13.4288,981.4,14457.60876,6.88,26.89432502,0.841,0.089291483,0.522134185,0.529676974
Pseudomonas aeruginosa,2017,IE,Ireland,Northern,0.0868055555,0.0902777777,0.0955882352,0.1393728222,0.1398601398,17.8238907485151,-0.99903750266084,0.0763888888,22,288,19.35,4977,69822.34718,7.18,12.28111684,0.939,1.548582196,1.290976882,1.427983165
Pseudomonas aeruginosa,2017,IS,Iceland,Northern,0,0,0,0.1176470588,0,3.95934652021124,-2.44072917211684,0,0,17,18.844,6086,71310.93925,8.33,16.48037881,0.935,1.838142157,1.450543642,1.606575847
Pseudomonas aeruginosa,2017,IT,Italy,Southern,0.1799719887,0.1987447698,0.2004504504,0.2510791366,0.2423780487,34.2117303862733,0.705036680888942,0.1747910863,251,1436,19.0155,2840,32406.72032,8.84,23.48580658,0.881,0.188600972,0.502127409,0.324624747
Pseudomonas aeruginosa,2017,LT,Lithuania,Northern,0.1348314606,0.2471910112,0.1477272727,0.213483146,0.1797752808,29.5059477093932,0.215710268724706,0.1685393258,15,89,13.5566,1078,16882.63947,6.46,32.2738111,0.866,0.553735316,0.965336978,0.99265039
Pseudomonas aeruginosa,2017,LU,Luxembourg,Western,0.0535714285,0.1071428571,0.125,0.125,0.1111111111,17.1974854405941,-1.06417367297137,0.0535714285,3,56,20.9298,5783,107627.151,5.48,10.6895417,0.908,1.985519648,1.683146834,1.737712979
Pseudomonas aeruginosa,2017,LV,Latvia,Northern,0.29074872762832,0.429484786607033,0.307673483354604,0.33439682011573,0.311815276066921,53.1763847904874,2.67705853883446,0.224680554560091,1,1,12.0534,930.4,15586.58189,5.96,41.98757708,0.849,0.53583014,0.903794527,0.931378543
Pseudomonas aeruginosa,2017,MT,Malta,Southern,0.1081081081,0.1081081081,0.1351351351,0.1081081081,0.2162162162,21.9601781444862,-0.568929524854134,0.081081081,3,37,19.7945,2586,27239.0701,9.34,34.75378752,0.883,0.739660442,1.004371881,1.143620372
Pseudomonas aeruginosa,2017,NL,Netherlands,Western,0.0395738203,0.0442748091,0.0350076103,0.0989345509,0.0709677419,9.46113759479667,-1.86863057091475,0.0213089802,14,657,8.9412,4911,48675.22234,10.1,11.08693331,0.932,1.867299438,1.85179317,1.830022931
Pseudomonas aeruginosa,2017,NO,Norway,Northern,0.0054644808,0.0341463414,0.0507614213,0.0487804878,0.0601092896,6.97652782463784,-2.12699039497405,0.0146341463,3,205,14.3658,7936,75496.75406,10.45,14.17728662,0.953,2.236802578,1.983223081,2.020279169
Pseudomonas aeruginosa,2017,PL,Poland,Eastern,0.2552083333,0.2417302798,0.2457831325,0.3715083798,0.3213367609,45.3415677887618,1.86236241777186,0.2278177458,95,417,23.7883,906.8,13861.30936,6.54,23.04979265,0.868,0.724992394,0.643040895,0.472560197
Pseudomonas aeruginosa,2017,PT,Portugal,Southern,0.120661157,0.1827160493,0.1858552631,0.2367549668,0.2421227197,31.1475379722231,0.386409497463184,0.1606260296,195,1214,16.3669,1908,21490.42986,8.97,27.53207982,0.848,0.873952627,1.332027793,1.132149458
Pseudomonas aeruginosa,2017,RO,Romania,Eastern,0.5757575757,0.6335877862,0.5590551181,0.6212121212,0.534351145,92.1296787063208,6.72758038878339,0.5909090909,78,132,24.5039,555.1,10807.79539,5.16,20.48804611,0.813,-0.03147899,-0.172128066,0.387540936
Pseudomonas aeruginosa,2017,SE,Sweden,Northern,0.009009009,0.0896860986,0.0448430493,0.0898876404,0.062780269,9.92705636067874,-1.82018244363739,0.0313901345,14,446,11.2584,5905,53791.50873,11.02,15.03260434,0.935,2.138959408,1.837575555,1.936156511
Pseudomonas aeruginosa,2017,SI,Slovenia,Southern,0.0869565217,0.1739130434,0.1304347826,0.2032520325,0.1304347826,23.3489173077316,-0.424522781312511,0.1086956521,15,138,10.7356,1920,23500.75223,8.19,12.32816875,0.899,0.813808024,1.170688272,1.023465395
Pseudomonas aeruginosa,2017,SK,Slovakia,Eastern,0.3601895734,0.4702970297,0.3555555555,0.4691943127,0.4278074866,65.7918330542085,3.98886413220771,0.3910891089,79,202,18.5209,1186,17554.30832,6.74,18.71318519,0.854,0.223771259,0.800655663,0.571229339
Pseudomonas aeruginosa,2017,UK,United Kingdom,Northern,0.038502296,0.0570613409,0.0470149253,0.0774446823,0.0526510938,9.05897984502473,-1.91044856854281,0.0243816254,69,2830,17.0555,3859,40361.41738,9.63,15.95682204,0.919,1.843364477,1.414132953,1.679469466
Pseudomonas aeruginosa,2018,AT,Austria,Western,0.0631001371,0.1277173913,0.1028806584,0.1399456521,0.1358024691,18.5406603045028,-0.924504890497678,0.0719131614,53,737,10.4153,4940,51525.04643,10.4,19.2032665,0.914,1.59649229,1.453342438,1.874770164
Pseudomonas aeruginosa,2018,BE,Belgium,Western,0.0837438423,0.0739219712,0.0748299319,0.1396895787,0.1,15.1813977706775,-1.27381466446377,0.0528634361,24,454,20.7657,4507,47491.32326,10.34,17.63822287,0.919,1.510498047,1.171748161,1.367054224
Pseudomonas aeruginosa,2018,BG,Bulgaria,Eastern,0.2444444444,0.2555555555,0.2,0.3,0.3258426966,41.8744699728956,1.50183949281921,0.2555555555,23,90,19.3704,663.7,9423.558612,8.1,46.55256867,0.816,-0.151538402,0.271875739,-0.02981348
Pseudomonas aeruginosa,2018,CY,Cyprus,Southern,0.0727272727,0.1272727272,0.1636363636,0.2545454545,0.2363636363,27.6100567425518,0.018567819028292,0.1636363636,9,55,28.8781,1732,28689.70672,6.68,44.63203549,0.873,0.640067935,0.920902193,0.752880812
Pseudomonas aeruginosa,2018,CZ,Czechia,Eastern,0.1929499072,0.1799628942,0.2040816326,0.3339517625,0.2327746741,36.2089942590733,0.912720297436757,0.2189239332,118,539,17.3704,1476,23046.94913,7.23,14.80910182,0.891,0.503815472,0.922208071,1.048950672
Pseudomonas aeruginosa,2018,DE,Germany,Western,0.036227717,0.1206896551,0.0910662824,0.1230592294,0.1354764638,16.658438044718,-1.12022601246985,0.0603448275,105,1740,11.8748,5033,47639.00344,11.25,12.67291903,0.939,1.946861625,1.61963284,1.629486918
Pseudomonas aeruginosa,2018,DK,Denmark,Northern,0.0061349693,0.0521327014,0.0327510917,0.0429447852,0.0286298568,5.7256078568968,-2.25706613831993,0.0122699386,6,489,13.688,5800,61390.69301,10.11,13.73846531,0.93,2.148100376,1.871631145,1.832332611
Pseudomonas aeruginosa,2018,EE,Estonia,Northern,0.0416666666,0.1666666666,0.0425531914,0.1333333333,0.0833333333,15.1237611219271,-1.2798079574989,0.0625,3,48,10.2474,1300,23258.46758,6.43,23.66462499,0.882,1.506536484,1.191937923,1.239835262
Pseudomonas aeruginosa,2018,EL,Greece,Southern,0.2651869158,0.375,0.222743259,0.3306074766,0.2428909952,45.3068565830361,1.85875300549638,0.2865497076,245,855,32.387,1517,20324.30501,8.04,34.75020826,0.872,-0.066019207,0.338260889,0.152649522
Pseudomonas aeruginosa,2018,ES,Spain,Southern,0.1159678858,0.1857142857,0.0873965041,0.2005444646,0.1086350974,22.1500079191276,-0.549190253212122,0.1089285714,122,1120,24.3111,2506,30337.67913,8.87,23.56579006,0.893,0.613605201,1.002135754,0.968262732
Pseudomonas aeruginosa,2018,FI,Finland,Northern,0.010230179,0.0485933503,0.0435897435,0.1276595744,0.0664961636,9.82402299486898,-1.83089627185402,0.0179028132,7,391,13.1898,4206,50021.29106,9.21,20.22742331,0.925,2.212743521,1.984208465,2.045141697
Pseudomonas aeruginosa,2018,FR,France,Western,0.093256059,0.1598101265,0.1300211416,0.1505546751,0.2145492883,24.2231660701654,-0.333614841096199,0.1098204857,208,1894,23.5587,4380,41631.09074,11.31,9.384219348,0.891,1.317085624,1.480525851,1.439210296
Pseudomonas aeruginosa,2018,HR,Croatia,Southern,0.216080402,0.2763819095,0.1794871794,0.29,0.1122448979,33.839792616616,0.666361079640089,0.19,38,200,17.001,902.1,14920.19138,6.79,10.97325161,0.837,0.131672338,0.456918329,0.32438755
Pseudomonas aeruginosa,2018,HU,Hungary,Eastern,0.1785714285,0.3729863692,0.2251243781,0.2596273291,0.2427307206,40.9222310574117,1.40282181945189,0.2019826517,163,807,13.6897,981.4,16150.77276,6.88,26.89432502,0.845,0.053369705,0.487310886,0.554894567
Pseudomonas aeruginosa,2018,IE,Ireland,Northern,0.0549450549,0.0659340659,0.0842911877,0.0882352941,0.0814814814,12.3924480913394,-1.56382098944814,0.0329670329,9,273,20.8627,4977,78621.22796,7.18,12.28111684,0.942,1.547599554,1.420338392,1.463336468
Pseudomonas aeruginosa,2018,IS,Iceland,Northern,0,0,0,0.0833333333,0,2.95352402806634,-2.54531868360734,0,0,12,20.4498,6086,72968.70423,8.33,16.48037881,0.938,1.843912721,1.465654731,1.718736887
Pseudomonas aeruginosa,2018,IT,Italy,Southern,0.1283942339,0.1579296615,0.199058507,0.2294589178,0.2392784206,30.7364665906453,0.343664624165242,0.1487025948,447,3006,19.4968,2840,34520.08516,8.84,23.48580658,0.883,0.235666126,0.413883507,0.246396452
Pseudomonas aeruginosa,2018,LT,Lithuania,Northern,0.0990099009,0.2178217821,0.1188118811,0.1287128712,0.1782178217,24.0138434736177,-0.355381055600079,0.1188118811,12,101,15.4257,1078,19080.61737,6.46,32.2738111,0.869,0.4979783,1.072397828,0.956690431
Pseudomonas aeruginosa,2018,LU,Luxembourg,Western,0.037735849,0.1111111111,0.0847457627,0.220338983,0.125,18.674163190057,-0.910622717756738,0.033898305,2,59,20.6867,5783,116654.2611,5.48,10.6895417,0.909,2.088051796,1.778221369,1.80984962
Pseudomonas aeruginosa,2018,LV,Latvia,Northern,0.282051282,0.282051282,0.3333333333,0.2307692307,0.3589743589,47.639840876009,2.10134619606693,0.3076923076,12,39,11.4286,930.4,17805.28031,5.96,41.98757708,0.854,0.328646898,1.043451786,0.956315875
Pseudomonas aeruginosa,2018,MT,Malta,Southern,0,0.0344827586,0.1379310344,0,0.1724137931,12.2210149472771,-1.58164730465862,0.0344827586,1,29,18.5797,2586,30133.46617,9.34,34.75378752,0.885,0.579995453,0.968795955,1.053262472
Pseudomonas aeruginosa,2018,NL,Netherlands,Western,0.023880597,0.0509745127,0.0284857571,0.0940298507,0.0668789808,8.74140426604514,-1.94347136821789,0.0208955223,14,670,8.8975,4911,53048.09621,10.1,11.08693331,0.934,2.009312391,1.850465655,1.815322399
Pseudomonas aeruginosa,2018,NO,Norway,Northern,0.0084745762,0.048,0.0625,0.104,0.0572687224,9.45664765752111,-1.86909745284465,0.024,6,250,13.9812,7936,81734.46557,10.45,14.17728662,0.954,2.090203762,1.887119412,1.964528322
Pseudomonas aeruginosa,2018,PL,Poland,Eastern,0.2604166666,0.3315508021,0.2692307692,0.3907455012,0.3687002652,51.3102622822862,2.48301153447886,0.2944162436,116,394,23.0221,906.8,15460.64428,6.54,23.04979265,0.872,0.641523778,0.662650824,0.427449137
Pseudomonas aeruginosa,2018,PT,Portugal,Southern,0.1190261496,0.1570397111,0.1862385321,0.2373188405,0.2189781021,29.5634980192748,0.221694583893283,0.1525270758,169,1108,17.1966,1908,23461.57186,8.97,27.53207982,0.85,0.849960387,1.208908916,1.140163064
Pseudomonas aeruginosa,2018,RO,Romania,Eastern,0.506849315,0.5512820512,0.4671052631,0.5225806451,0.4927536231,80.0531699464673,5.47181591585898,0.4935064935,76,154,24.9563,555.1,12408.59649,5.16,20.48804611,0.816,-0.121651269,-0.253441751,0.325064033
Pseudomonas aeruginosa,2018,SE,Sweden,Northern,0.00973236,0.0436893203,0.0606796116,0.0710784313,0.0778588807,8.98586693563868,-1.91805114607121,0.0194174757,8,412,10.7826,5905,54589.06039,11.02,15.03260434,0.937,2.139881849,1.830975056,1.894910097
Pseudomonas aeruginosa,2018,SK,Slovakia,Eastern,0.374015748,0.439516129,0.3206751054,0.5238095238,0.3686440677,63.5920390152222,3.76012060567684,0.3588709677,89,248,20.214,1186,19428.11621,6.74,18.71318519,0.857,0.36298427,0.707461536,0.528572321
Pseudomonas aeruginosa,2018,UK,United Kingdom,Northern,0.0445882775,0.0596797671,0.0492178557,0.0982110259,0.0577727099,10.1605957629837,-1.79589806722742,0.030313966,84,2771,16.2974,3859,43043.22782,9.63,15.95682204,0.92,1.826838136,1.341883779,1.637675166
